id,Coordx,Coordy,cantidad
1,-103.3549309,20.67133,1358
2,-103.3215357,20.6966319,0
3,-103.2939616,20.5321298,0
4,-103.3806142,20.6467019,0
5,-103.3784544,20.6631082,2
6,-103.2713246,20.6591569,0
7,-103.3164157,20.692515,0
8,-103.3888913,20.6268888,0
9,-103.4563948,20.7135301,0
10,-103.4584275,20.6479489,0
11,-103.3341105,20.6038375,0
12,-103.4583206,20.708548,0
13,-103.4524107,20.6931241,0
14,-103.4752174,20.5337176,0
15,-103.3573826,20.6594091,277
16,-103.290369,20.6628693,0
17,-103.3719344,20.6217024,0
18,-103.3539881,20.6435303,0
19,-103.3038164,20.6699891,0
20,-103.3809342,20.6467496,0
21,-103.3704142,20.6587118,0
22,-103.4511778,20.6507871,0
23,-103.3640727,20.6547096,0
24,-103.3541928,20.583591,0
25,-103.2864152,20.7067316,0
26,-103.4945742,20.485273,0
27,-103.3406612,20.6092836,0
28,-103.3435538,20.6913889,3
29,-103.4537491,20.6178396,0
30,-103.3690286,20.6359011,0
31,-103.3043907,20.6258225,0
32,-103.2519682,20.663555,0
33,-103.3543392,20.7142353,0
34,-103.2851321,20.6317075,0
35,-103.4051591,20.7316189,0
37,-103.3258091,20.653198,363
38,-103.3183616,20.6683833,0
39,-103.296521,20.6885232,0
40,-103.3066822,20.713581,0
41,-103.4709054,20.5474196,0
42,-103.2810756,20.5620818,0
43,-103.2767944,20.6404572,0
44,-103.240285,20.6010889,0
45,-103.2745567,20.489172,0
46,-103.349033,20.722337,0
47,-103.3001002,20.565386,0
48,-103.2823372,20.622753,0
49,-103.3616244,20.689758,309
50,"-103.360278,",20.7025379,349
51,-103.2415917,20.600637,0
52,-103.4168379,20.4549552,0
53,-103.4688792,20.6364126,0
54,-103.3725072,20.735805,0
55,-103.3564262,20.7322654,0
56,-103.3519885,20.6485584,0
57,-103.3385603,20.7225416,0
58,-103.4047787,20.7318124,0
59,-103.4046784,20.7316464,0
60,-103.2768717,20.6641023,0
61,-103.3004492,20.536998,0
62,-103.353747,20.6801167,1548
63,-103.3318129,20.6940059,0
65,-103.4407851,20.4700547,0
66,-103.3189154,20.7208651,0
67,-103.3110491,20.6661698,0
68,-103.3916502,20.517816,0
69,-103.4151702,20.6244739,0
70,-103.3694496,20.6541271,0
71,-103.3049544,20.6258759,0
72,-103.39527,20.6215412,0
73,-103.4423092,20.6431845,0
74,-103.2348561,20.6524649,0
75,-103.2166791,20.577278,0
76,"-103.310104,",20.6466723,89
77,-103.3322499,20.5849772,0
78,-103.4311958,20.7588489,0
79,-103.4723762,20.636272,0
80,-103.2788742,20.591074,0
81,-103.3169647,20.6391999,87
82,-103.2879092,20.592777,0
84,-103.4565117,20.6511645,0
85,-103.4323818,20.5990039,0
86,-103.3709368,20.6737255,1472
87,-103.2871127,20.6447868,0
88,-103.3691127,20.560344,0
89,-103.3552147,20.6726477,2253
90,-103.3156137,20.6906242,0
91,-103.3705316,20.6297745,0
92,-103.2368606,20.6526931,0
93,-103.2451482,20.614649,0
94,-103.4029186,20.6281287,0
95,-103.2955512,20.562935,0
96,-103.5060724,20.7998417,0
97,-103.3787218,20.7380937,343
98,-103.3737734,20.6735678,1083
99,-103.3339741,20.6676763,301
100,-103.3571706,20.6568626,0
101,-103.4071491,20.530454,0
102,-103.3439448,20.7399079,0
104,"-103.311924,",20.6807865,0
105,-103.4537768,20.7310821,0
106,-103.3348022,20.6994503,0
107,-103.3356087,20.6794587,4
108,-103.2434868,20.6267774,0
109,-103.2347405,20.6689961,0
110,-103.2658891,20.6478594,0
111,"-103.303624,",20.6429463,6
112,-103.3005748,20.6967754,0
113,-103.3259251,20.6352592,0
114,-103.4978657,20.483554,0
115,-103.2914086,20.6847856,0
116,-103.3341595,20.6663525,388
117,-103.3890657,20.7093248,0
118,"-103.332438,",20.6509746,2
119,"-103.350133,",20.6286346,0
120,-103.3215787,20.7375387,0
121,-103.3370365,20.7255023,0
122,-103.3579823,20.5769669,0
123,-103.3188846,20.614507,0
124,-103.2848657,20.6446146,0
125,-103.3405753,20.6092875,0
126,-103.3654329,20.6971178,212
127,-103.4370352,20.6313189,0
128,-103.2879092,20.592777,0
130,-103.2217673,20.6523825,0
131,-103.3709199,20.7276695,0
132,-103.4606009,20.6298149,0
133,-103.3519974,20.7311306,0
134,-103.3938532,20.697506,0
135,-103.3405585,20.6793828,494
136,"-103.454162,",20.6329034,0
137,-103.3525102,20.6414154,0
138,-103.4458201,20.6301211,0
139,-103.3023406,20.6754402,0
140,-103.4597272,20.693259,0
141,-103.3440653,20.6171187,0
142,-103.5020212,20.480781,0
143,-103.2655893,20.5887182,0
144,-103.3315242,20.609216,0
145,-103.3908396,20.6664209,315
146,-103.3753657,20.7120534,179
147,"-103.441111,",20.7587144,0
148,-103.2678632,20.475415,0
149,"-103.355071,",20.6965182,438
150,-103.4382889,20.5969362,0
151,-103.3372585,20.6051757,0
153,-103.3874054,20.74016953,9
154,-103.4506836,20.64909363,0
155,-103.2976608,20.66650772,0
156,-103.3486085,20.7044818,56
157,-103.2612381,20.64753342,0
158,-103.3186646,20.68159103,0
159,"-103.369443,",20.6839064,421
160,-103.3678,20.6596,0
161,-103.3495865,20.67280388,800
162,-103.3835068,20.58774757,0
163,-103.323494,20.70370674,0
164,-103.4069672,20.62952423,0
165,-103.3330307,20.66524506,417
166,-103.3098602,20.69374847,0
167,-103.2895508,20.62277222,0
169,-103.4092636,20.64131546,0
170,-103.2776489,20.65996361,0
171,-103.3652344,20.56864738,0
172,-103.4608459,20.6276989,0
173,-103.3068771,20.66896629,0
174,-103.4228973,20.67248344,0
175,-103.2956153,20.6739449,0
176,-103.4606734,20.6271458,0
177,-103.455246,20.62933159,0
178,-103.3045502,20.65958405,0
179,-103.3596115,20.70246506,351
180,-103.3671112,20.68489265,593
181,-103.2481308,20.61882591,0
182,-103.3335648,20.67231369,15
183,-103.3551712,20.63059998,0
184,-103.3637293,20.641565,0
185,-103.3472404,20.6736056,1477
186,-103.3538208,20.71927261,0
187,-103.3455963,20.7185955,0
188,-103.3453754,20.7180709,0
189,-103.2482681,20.6793499,0
190,-103.4330292,20.64136314,0
191,-103.4282501,20.5554006,0
192,-103.5709142,20.728712,0
193,-103.3411927,20.72685653,0
194,-103.4476471,20.65880966,0
195,-103.3325653,20.70240402,0
196,-103.4502945,20.66607857,0
197,-103.3510361,20.65722656,174
198,-103.4552536,20.67473602,0
199,-103.4020532,20.7280023,0
200,-103.3240051,20.68318367,1
201,-103.4009552,20.72800255,0
202,-103.3506775,20.67277908,731
203,-103.4312592,20.66270447,0
204,-103.3345337,20.68212128,13
205,-103.2318268,20.67612076,0
206,-103.4401398,20.71002579,0
207,-103.28508,20.59001541,0
208,-103.3246307,20.66426086,4
209,-103.3034515,20.67591286,0
210,-103.3642807,20.6716938,947
211,-103.246964,20.622379,0
212,-103.3870952,20.629382,0
213,-103.3055209,20.6647719,0
214,-103.3332825,20.69872475,0
215,-103.4152222,20.61063766,0
216,-103.4003983,20.64975357,0
217,-103.3593521,20.67811584,710
218,-103.3524475,20.62159348,0
219,-103.3636246,20.68687439,257
220,-103.4316483,20.68733978,0
221,-103.3296814,20.59473038,0
222,-103.3322449,20.58480263,0
223,-103.3669128,20.65041733,0
224,-103.2946091,20.62883949,0
225,-103.4269791,20.6882019,0
226,-103.3462524,20.67051315,1156
227,-103.3377228,20.60628128,0
228,-103.437355,20.62371635,0
229,-103.3036922,20.645351,49
230,-103.3602142,20.62887383,0
231,-103.3347092,20.5988884,0
232,-103.2694702,20.69321442,0
233,-103.2810059,20.66423607,0
234,-103.324501,20.72299576,0
235,-103.3771744,20.62438393,0
236,-103.3211517,20.64693451,176
237,-103.4591241,20.7130126,0
238,-103.4474313,20.74449826,0
239,-103.4478144,20.7437509,0
240,-103.3679256,20.6322395,0
241,-103.4194641,20.74332237,0
242,-103.3091125,20.67419624,0
243,-103.4292984,20.63197136,0
244,-103.3660431,20.66988182,567
245,-103.3097687,20.66640663,0
246,-103.3650818,20.67610359,762
247,-103.4227066,20.62129593,0
248,-103.3880005,20.67326546,69
249,-103.2624435,20.62907028,0
250,-103.3903656,20.6795063,1
251,-103.4233398,20.73429108,0
252,-103.4609528,20.64211464,0
253,-103.3165891,20.5752694,0
254,-103.4550041,20.4812712,0
255,-103.2782593,20.67902565,0
256,-103.2743988,20.59361649,0
257,-103.3098602,20.69374847,0
258,-103.3252487,20.70605278,0
259,-103.355835,20.7422657,0
260,-103.3883057,20.70973778,0
261,-103.3990402,20.65082169,0
262,-103.3829041,20.64947891,0
263,-103.3903885,20.72833633,310
264,-103.4273029,20.8532469,0
265,-103.3557587,20.5727787,0
266,-103.3529205,20.69418526,496
267,-103.3370056,20.65204239,2
268,-103.3806458,20.67948723,228
269,-103.3786087,20.6893158,51
270,-103.4524002,20.69915962,0
271,-103.2773438,20.66048241,0
272,-103.3153687,20.60870171,0
273,-103.3492966,20.64040565,0
274,-103.3789291,20.59960938,0
275,-103.3810043,20.63205147,0
276,-103.308075,20.68908691,0
277,-103.3076477,20.64195442,49
278,-103.3217545,20.59061432,0
279,-103.2994919,20.69570923,0
280,-103.3607635,20.69334221,146
281,-103.435379,20.68173027,0
282,-103.3163376,20.64968109,25
283,-103.3406601,20.60936356,0
284,-103.3761826,20.70283127,0
285,-103.3478546,20.66827583,720
286,-103.306104,20.648629,38
287,-103.4061661,20.64614868,0
288,-103.3175583,20.65563393,92
289,-103.415329,20.6918354,0
291,-103.3400989,20.6502276,0
292,-103.3474503,20.7035923,81
294,-103.3637161,20.66218758,237
295,-103.3676758,20.63219261,0
296,-103.3550186,20.69934464,629
297,-103.4526291,20.766819,0
298,-103.2768707,20.60447884,0
299,-103.3593597,20.67034149,999
300,-103.4413452,20.63021851,0
301,-103.4189529,20.72478676,0
302,-103.3607539,20.6624771,266
303,-103.4107437,20.62729073,0
304,-103.3983994,20.74594116,0
305,-103.2864914,20.59971619,0
306,-103.3238373,20.62727165,0
307,-103.4526987,20.6694789,0
308,-103.2943344,20.68035126,0
309,-103.3726425,20.65613747,0
310,-103.3177338,20.66382599,0
311,-103.4513092,20.61774635,0
312,-103.2727509,20.68844986,0
313,-103.4577179,20.6486187,0
314,-103.3846817,20.64454651,0
315,-103.3538208,20.71927261,0
316,-103.2918445,20.6629847,0
317,-103.3329926,20.58906174,0
318,-103.3694505,20.679276,542
319,-103.4137953,20.7063055,0
320,-103.3516464,20.67141151,343
321,-103.3720627,20.66534805,190
322,-103.3625031,20.7337513,0
323,-103.2760468,20.66856384,0
324,-103.2522442,20.525013,0
325,-103.3538818,20.74462128,0
326,-103.3008041,20.65535164,0
327,-103.2455292,20.62725067,0
328,-103.2893448,20.66417122,0
329,-103.4312286,20.66966248,0
330,-103.3763046,20.62420273,0
331,-103.3404083,20.68199539,315
332,-103.4270401,20.67337036,0
333,-103.3428639,20.6683444,332
334,-103.283783,20.68387604,0
335,-103.2786789,20.6529026,0
336,-103.2557449,20.62694168,0
337,-103.3153229,20.67378426,0
338,-103.3637009,20.68483162,486
339,-103.2420289,20.4957771,0
340,-103.3327103,20.66248512,282
341,-103.3840256,20.67217445,810
342,-103.2699814,20.64919472,0
343,-103.3395462,20.63952637,0
344,-103.3740311,20.71342659,179
345,-103.3013819,20.6553983,0
346,-103.3259577,20.59567,0
347,-103.2976462,20.535263,0
348,-103.4337769,20.62541962,0
349,-103.371582,20.67136574,779
350,-103.4243774,20.66887093,0
351,-103.4629211,20.78166962,0
352,-103.3560257,20.65926743,244
353,-103.4306183,20.67278481,0
354,-103.4488678,20.62972832,0
355,-103.3322449,20.58480263,0
356,-103.3234863,20.68539238,1
357,-103.3575401,20.676123,1115
358,-103.3434219,20.65293121,0
359,-103.3137223,20.6578202,0
360,-103.4349672,20.6166622,0
361,-103.4383767,20.7635297,0
362,-103.3043618,20.6258522,0
363,-103.3004074,20.69367981,0
364,-103.368103,20.7357235,0
365,-103.3497162,20.64326859,0
366,-103.3938141,20.63546562,0
367,-103.2456207,20.62727547,0
368,-103.3746373,20.6667586,173
369,-103.3151932,20.72730255,0
370,-103.3910141,20.66643143,315
371,-103.355072,20.7070961,8
372,-103.2967987,20.71122932,0
373,-103.3063049,20.6909256,0
374,-103.3666534,20.73561668,0
375,-103.3688812,20.67888832,648
376,-103.4729767,20.54269791,0
377,-103.364563,20.74044609,0
378,-103.3601303,20.54199028,0
379,-103.3689804,20.72258759,0
380,-103.357605,20.50803375,0
381,-103.4119263,20.70750046,0
382,-103.3232422,20.69380569,0
383,-103.4097366,20.66861725,66
384,-103.419014,20.72473145,0
385,-103.2724991,20.64844322,0
386,-103.3915176,20.65515709,48
387,-103.3661499,20.67378616,1810
388,-103.2508087,20.65890884,0
389,-103.3280411,20.60803032,0
390,-103.4373627,20.5990448,0
391,-103.2394104,20.60116959,0
392,-103.2642822,20.6858387,0
393,-103.3527674,20.6572816,172
394,-103.3523712,20.67724037,681
395,-103.3695526,20.72619438,0
396,-103.2621307,20.68457413,0
397,-103.3787613,20.63098717,0
398,-103.3435886,20.5124421,0
400,-103.4001436,20.5968377,0
401,-103.4032592,20.6248173,0
402,-103.3431168,20.67304802,203
403,-103.311142,20.69176865,0
404,-103.373909,20.62374687,0
405,-103.2476472,20.438574,0
406,-103.4278256,20.5557143,0
407,-103.4235992,20.67331696,0
408,-103.4455551,20.4734592,0
409,-103.3638306,20.57391548,0
410,-103.3799744,20.67561722,286
411,-103.3082657,20.72208786,0
412,-103.3070823,20.7218574,0
413,-103.4360886,20.63075829,0
414,-103.3114929,20.63842773,114
415,-103.409729,20.73337364,0
416,-103.3548355,20.71327209,0
417,-103.4530106,20.71201515,0
418,-103.3669128,20.65041733,0
419,-103.347023,20.62309456,0
420,-103.3296967,20.64616394,0
421,-103.379097,20.51122665,0
422,-103.2758026,20.65977287,0
423,-103.3672028,20.67234039,1479
424,-103.3153,20.69260406,0
425,-103.2481308,20.61882591,0
426,-103.359375,20.67167473,1039
427,-103.3708038,20.68502808,398
428,-103.2908968,20.5264853,0
429,-103.3239136,20.70812988,0
430,-103.3120651,20.6773777,0
431,-103.3819199,20.68258476,97
432,-103.261261,20.67692375,0
433,-103.310463,20.68942833,0
434,-103.3397153,20.5813545,0
435,-103.3557892,20.74369049,0
436,-103.4047546,20.7317791,0
437,-103.3474808,20.67740631,1570
438,-103.3347092,20.67949295,4
439,-103.352272,20.68185234,1177
440,-103.3892599,20.7407909,5
441,-103.4511261,20.76652527,0
442,-103.2766647,20.66537285,0
443,-103.3466034,20.67731285,1629
444,-103.3428116,20.61523628,0
445,-103.4488678,20.62972832,0
446,-103.3970566,20.73345947,46
447,-103.3450699,20.7215023,0
448,-103.2807007,20.66594887,0
449,-103.3648224,20.6388855,0
450,-103.4213791,20.66271019,0
451,-103.4706392,20.5475323,0
452,-103.4773262,20.547442,0
453,-103.354805,20.67718506,2058
454,-103.3597946,20.62120628,0
455,-103.2898254,20.62271118,0
456,-103.3716812,20.62247849,0
457,-103.3738541,20.6227853,0
458,-103.5311687,20.729089,0
459,-103.3106766,20.70957375,0
460,-103.3718719,20.6579628,0
461,-103.2940979,20.70713425,0
462,-103.3359756,20.65052032,2
463,-103.4426309,20.5696737,0
464,-103.274231,20.65874863,0
465,-103.4350163,20.453042,0
466,-103.4485855,20.69560623,0
467,-103.2887573,20.67943382,0
468,-103.4526825,20.6407032,0
469,-103.3868103,20.59171486,0
471,-103.3049164,20.67177391,0
472,-103.239006,20.59152603,0
473,-103.3901443,20.66246223,7
474,-103.3330231,20.64590454,0
475,-103.3625031,20.7337513,0
476,-103.3313675,20.67874146,4
477,-103.3502791,20.63182,0
478,-103.2417984,20.59327888,0
479,-103.4275061,20.5336588,0
480,-103.3417664,20.65077209,0
481,-103.3391037,20.68315125,471
482,-103.286087,20.67385292,0
483,-103.437706,20.76301575,0
484,-103.4688255,20.5582179,0
485,-103.2402417,20.683602,0
486,-103.3152313,20.66807747,0
487,-103.4394932,20.5713133,0
488,-103.3829041,20.64947891,0
489,-103.4514923,20.73109818,0
490,-103.2457512,20.6844493,0
491,-103.3979497,20.5075402,0
492,-103.404213,20.53791237,0
493,-103.2980499,20.61911964,0
494,-103.3531036,20.66088295,79
495,-103.2569515,20.4648257,0
496,-103.2718287,20.6089574,0
497,-103.3713482,20.6973193,122
498,-103.444252,20.7680912,0
499,-103.371933,20.63588142,0
500,-103.3644104,20.74343872,0
501,-103.3715769,20.6705536,631
502,-103.3217545,20.59061432,0
503,-103.4232178,20.65831184,0
504,-103.3452988,20.72140312,0
505,-103.4603806,20.6446209,0
506,-103.4771881,20.79560661,0
507,-103.3213272,20.71292877,0
508,-103.4373627,20.5990448,0
509,-103.3519974,20.7311306,0
510,-103.2968903,20.690485,0
511,-103.4485855,20.69560623,0
512,-103.3214499,20.5897852,0
513,-103.3196487,20.68837547,0
514,-103.3101196,20.66538811,0
515,-103.4007999,20.6183324,0
516,-103.2957764,20.70570946,0
517,-103.3625412,20.57775307,0
518,-103.3427124,20.66987419,515
519,-103.4217727,20.7316099,0
520,-103.431114,20.589315,0
521,-103.3699417,20.52993774,0
522,-103.4598236,20.70366478,0
523,-103.3939133,20.7315464,76
524,-103.4161987,20.64039421,0
525,-103.35466,20.67490578,2596
526,-103.342353,20.675242,410
527,-103.3864097,20.753126,0
528,-103.4392014,20.65865326,0
529,-103.4669571,20.63513756,0
530,-103.2905762,20.5255062,0
531,-103.4659119,20.63594818,0
532,-103.3067169,20.64443016,51
533,-103.3287659,20.65204239,3
534,-103.3455582,20.72133636,0
535,-103.2948803,20.5300036,0
536,-103.3676302,20.734029,0
537,-103.2905762,20.5255062,0
538,-103.4711852,20.5470065,0
539,-103.3807373,20.65283012,0
540,-103.3529968,20.64794731,0
542,-103.399353,20.64254379,0
543,-103.4286499,20.72997665,0
544,-103.3785858,20.67928505,406
545,-103.4269638,20.61478424,0
546,-103.2616425,20.68589973,0
547,-103.1678312,20.572195,0
548,-103.3009567,20.67512894,0
549,-103.442858,20.648447,0
550,-103.4598334,20.7032559,0
551,-103.3403931,20.68313408,235
552,-103.3614144,20.5471296,0
553,-103.362999,20.68196869,459
554,-103.2811127,20.66338539,0
555,-103.3642044,20.74823189,0
556,-103.339119,20.68202019,286
557,-103.3526611,20.69799232,247
558,-103.3090439,20.61732864,0
559,-103.3879395,20.642416,0
560,-103.3768768,20.63028145,0
561,-103.4647293,20.62541389,0
562,-103.3571032,20.6414921,0
563,-103.3655427,20.7221467,0
564,-103.3548508,20.67412758,2418
565,-103.4061661,20.64614868,0
566,-103.3115234,20.65837288,0
567,-103.4466782,20.76983643,0
568,-103.3594208,20.67398834,1428
569,-103.373818,20.7369285,5
570,-103.3870926,20.72523308,225
571,-103.3483875,20.629086,0
572,-103.4236908,20.73508453,0
573,-103.3178024,20.66069221,0
574,-103.3461227,20.6291008,0
575,-103.371727,20.67904854,606
576,-103.3540497,20.69888115,626
577,-103.4396561,20.7609254,0
578,-103.3866086,20.5920722,0
579,-103.3466034,20.67731285,1629
580,-103.4642192,20.5446633,0
581,-103.375689,20.6240259,0
582,-103.3538208,20.71927261,0
583,-103.4407501,20.64361191,0
584,-103.447319,20.63977432,0
585,-103.4602737,20.64506912,0
586,-103.403053,20.648224,0
587,-103.2911301,20.66720963,0
588,-103.3659296,20.6642733,294
589,-103.3465424,20.68985367,670
590,-103.3517704,20.7067349,8
591,-103.2723541,20.69175339,0
592,-103.4169998,20.55851364,0
593,-103.3122482,20.6464386,55
594,-103.3551025,20.69615364,438
595,-103.3522568,20.68276024,1597
596,-103.346138,20.71412468,0
597,-103.3715213,20.7002455,0
598,-103.411644,20.73101807,0
599,-103.4310684,20.72991371,0
600,-103.4583206,20.70864296,0
601,-103.3780594,20.75095367,0
602,-103.4330327,20.4640569,0
603,-103.3003693,20.66679382,0
604,-103.3127747,20.56100082,0
605,"-103.315795,",20.6446286,5
606,-103.4516392,20.6176973,0
607,-103.371582,20.67136574,779
608,-103.3503876,20.67946243,415
609,-103.3739243,20.62227631,0
610,-103.3283844,20.66835403,21
611,-103.4155884,20.62308693,0
612,-103.4565125,20.64966011,0
613,-103.411362,20.743734,0
614,-103.3302231,20.62648964,0
615,-103.4341736,20.75853348,0
616,-103.3539658,20.68277359,1846
617,-103.455627,20.717493,0
618,-103.2833862,20.61052895,0
619,-103.4441173,20.7303512,0
620,-103.411644,20.73101807,0
621,-103.3844281,20.7060569,0
622,-103.2785339,20.6883812,0
623,-103.3532104,20.65039444,0
624,-103.2948303,20.68873978,0
625,-103.3938828,20.73140526,76
626,-103.4150085,20.63545227,0
627,-103.3327408,20.69846344,0
628,-103.3963318,20.61320877,0
629,-103.2698898,20.65761566,0
630,-103.447151,20.745565,0
631,-103.3519974,20.7311306,0
632,-103.3546982,20.67218399,1029
633,-103.3541336,20.68379402,1621
634,-103.539711,20.72906303,0
635,-103.3651276,20.63015175,0
636,-103.446678,20.766653,0
637,-103.3463659,20.6543094,2
638,-103.3857346,20.65824318,25
639,-103.2637634,20.69003487,0
640,-103.335289,20.66722488,305
641,-103.3935181,20.7398793,8
642,-103.3915176,20.65515709,48
643,"-103.314446,",20.6464483,2
644,-103.2856293,20.61663246,0
645,-103.4687347,20.63352966,0
646,-103.3763324,20.7125652,214
647,-103.3765793,20.71332169,214
648,-103.3548203,20.67634201,2323
649,-103.3583298,20.56100464,0
650,-103.3370743,20.72545815,0
651,-103.327919,20.66426468,108
652,-103.3620148,20.6868248,250
653,-103.3370743,20.72545815,0
654,-103.4190063,20.73039246,0
655,-103.2322083,20.5990448,0
656,-103.4245605,20.68377113,0
657,-103.3139877,20.69924164,0
658,-103.375473,20.69862747,0
659,-103.4310684,20.72991371,0
660,-103.3340312,20.5472405,0
661,-103.3339767,20.54715729,0
662,-103.3216071,20.61800476,0
663,-103.2270819,20.6702652,0
664,-103.4292984,20.63197136,0
665,-103.3324203,20.60724258,0
666,-103.3980179,20.72801781,23
667,-103.3865433,20.6795311,33
668,-103.3715897,20.6722641,1479
669,-103.3519669,20.64229584,0
670,-103.3568573,20.67407036,1990
671,-103.247139,20.60351181,0
672,-103.3474503,20.7035923,81
673,-103.3785706,20.73864365,335
674,-103.35466,20.67570114,2562
675,-103.3487778,20.62825203,0
676,-103.4569626,20.7130127,0
677,-103.4061661,20.64614868,0
678,-103.3009567,20.67512894,0
679,-103.322464,20.62915802,0
680,-103.3432321,20.67594807,769
681,-103.3169098,20.72097969,0
682,-103.3740311,20.71342659,179
683,-103.3270084,20.6528127,358
684,-103.4467697,20.64882469,0
685,-103.3585739,20.67481995,1581
686,-103.4360974,20.7564634,0
687,-103.3401718,20.68589592,449
688,-103.3021927,20.69021416,0
689,-103.3552475,20.7201767,0
690,-103.3863227,20.7313969,463
691,-103.3907351,20.730688,122
692,-103.2698898,20.65761566,0
693,-103.3840164,20.6721671,810
694,-103.3670654,20.66766548,475
695,-103.3468228,20.6835631,1524
696,-103.3273602,20.693894,0
697,-103.3535054,20.70140415,135
698,-103.4308302,20.692717,0
699,-103.4232938,20.5847599,0
700,-103.4061661,20.64614868,0
701,-103.3550334,20.6203071,0
702,-103.2824297,20.503148,0
703,-103.2348175,20.66882515,0
704,-103.4095001,20.71277428,0
705,-103.3357854,20.6861734,386
706,-103.3620656,20.6840903,545
707,-103.4298224,20.7301802,0
708,-103.347084,20.70549965,85
709,-103.3722916,20.69735336,97
710,-103.3335419,20.72414017,0
711,-103.3727652,20.667058,325
712,-103.4382019,20.68259048,0
713,-103.2779694,20.63866425,0
714,-103.3543091,20.67808342,1873
715,-103.3575668,20.62834358,0
716,-103.2557394,20.65812,0
717,-103.3541486,20.6837892,1620
718,-103.410759,20.59407043,0
719,-103.3461914,20.68358612,1200
720,-103.4133148,20.73085785,0
721,-103.3491246,20.506045,0
722,-103.2944336,20.66194725,0
723,-103.3826752,20.67217064,734
724,-103.45163,20.731115,0
725,-103.3417664,20.65077209,0
726,-103.3285904,20.66259384,162
727,-103.3480453,20.62679291,0
728,-103.437706,20.76301575,0
729,-103.2838135,20.65144157,0
730,-103.2627106,20.59447861,0
731,-103.3593979,20.72772026,0
732,-103.3548584,20.70487022,30
733,-103.3704902,20.6753866,954
734,-103.4189562,20.6384812,0
735,-103.3687668,20.67370987,1429
736,-103.3289116,20.6641349,165
737,-103.4741172,20.5352683,0
738,-103.3089557,20.6660878,0
739,-103.3037262,20.66198349,0
740,-103.3443048,20.6707571,531
741,-103.3610972,20.657466,0
742,-103.4210205,20.62902832,0
743,-103.384819,20.67680931,251
744,-103.3678422,20.662344,180
745,-103.2994545,20.6881273,0
746,-103.3562958,20.5503927,0
747,-103.3731552,20.6843488,352
748,-103.3735809,20.68437195,353
749,-103.4281616,20.75026321,0
750,-103.3910751,20.73494148,0
751,-103.4939117,20.80164719,0
752,-103.3444061,20.68296242,528
753,-103.4549234,20.4827758,0
754,-103.4346161,20.65842247,0
755,-103.376137,20.712837,214
756,-103.3669128,20.65041733,0
757,-103.2415237,20.67940521,0
758,-103.3219785,20.6288918,0
759,-103.3896047,20.7290231,483
760,-103.3750687,20.71235085,179
761,-103.3799896,20.67059135,266
762,-103.3625031,20.7337513,0
763,-103.3443832,20.67071533,608
764,-103.4177856,20.59807205,0
765,-103.25182,20.628398,0
766,-103.360689,20.661882,239
767,-103.3196487,20.68837547,0
768,-103.3543091,20.67868233,1786
769,-103.3237991,20.59508705,0
770,-103.4391371,20.7627933,0
771,-103.397907,20.747772,0
772,-103.429283,20.641559,0
773,-103.3299942,20.67407227,5
774,-103.369278,20.652707,0
775,-103.4202984,20.6822878,0
776,-103.3589554,20.63202477,0
777,-103.4175599,20.7267137,0
778,-103.349515,20.623451,0
779,-103.3538361,20.68704987,854
780,-103.3801956,20.65716743,0
781,-103.365059,20.684886,457
782,-103.3620857,20.6841506,545
783,-103.4318695,20.59719467,0
784,-103.3550186,20.69934464,629
785,-103.38188,20.656358,0
786,-103.4457957,20.6300425,0
787,-103.3765793,20.71332169,214
788,-103.3384399,20.6530571,2
789,-103.3053513,20.6535511,0
790,-103.3872528,20.72436142,229
791,-103.452183,20.604109,0
792,-103.3322449,20.58480263,0
793,-103.277681,20.685544,0
794,-103.470424,20.801036,0
795,-103.4189529,20.72478676,0
796,-103.3713837,20.62340927,0
797,-103.3563763,20.6207048,0
798,-103.3920581,20.7429331,0
799,-103.419236,20.740602,0
800,-103.4360886,20.63075829,0
801,-103.437706,20.76301575,0
802,-103.361959,20.689775,337
803,-103.3538208,20.71927261,0
804,-103.3929534,20.6664412,330
805,-103.412771,20.635894,0
806,-103.3799744,20.64668846,0
807,-103.368544,20.7274846,0
808,-103.4447128,20.777462,0
809,-103.336176,20.629972,0
810,-103.3890228,20.72891808,483
811,-103.3202896,20.61533165,0
812,-103.4238521,20.7299895,0
813,-103.3423233,20.6744957,410
814,-103.2830231,20.6649786,0
815,-103.437706,20.76301575,0
816,-103.3337708,20.66372108,417
817,-103.3768845,20.70534706,0
818,-103.1832984,20.5171561,0
819,-103.4560577,20.6224267,0
820,-103.364799,20.6747459,1526
821,-103.3115768,20.68178368,0
822,-103.3638992,20.62043953,0
823,-103.2508087,20.65890884,0
824,-103.4310044,20.9315535,0
825,-103.3291025,20.5508275,0
826,-103.354962,20.6689467,1256
827,-103.320103,20.710082,0
828,-103.3611221,20.66103935,239
829,-103.3526147,20.6481579,0
830,-103.3667678,20.7344391,0
831,-103.391304,20.73988724,5
832,-103.389527,20.641103,0
833,-103.3750687,20.71235085,179
834,-103.4304301,20.5792635,0
835,-103.4530182,20.65556908,0
836,-103.3726507,20.6536989,0
837,-103.3695187,20.6793445,542
838,-103.3737001,20.6645525,135
839,-103.3412511,20.512868,0
840,-103.374344,20.6218282,0
841,-103.3239455,20.5951104,0
842,-103.4474623,20.7694031,0
844,-103.2957628,20.6724963,0
845,-103.4498344,20.6458464,0
846,-103.4069201,20.7315336,0
847,-103.389209,20.7450365,0
848,-103.306282,20.6743955,0
849,-103.3877258,20.7401476,9
850,-103.3400434,20.7267151,0
851,-103.3953826,20.6313842,0
852,-103.3557223,20.6749045,2733
853,-103.3805731,20.6613115,2
854,-103.3587339,20.6703101,985
855,-103.4129507,20.7310621,0
856,-103.2760889,20.6169585,0
857,-103.3460929,20.7213487,0
858,-103.3458478,20.7218052,0
859,-103.3512943,20.696589,308
860,-103.3306516,20.7232113,0
861,-103.3699192,20.6471083,0
862,-103.3462912,20.7141232,0
863,-103.3078989,20.663098,0
864,-103.3081301,20.6904449,0
865,-103.316478,20.7044265,0
866,-103.444512,20.6320633,0
867,-103.3556475,20.6771815,2007
868,-103.3546181,20.6763592,2335
869,-103.4447979,20.5653321,0
870,-103.4437284,20.4714469,0
871,-103.4361618,20.6680014,0
872,-103.3871852,20.6733343,147
873,-103.3214499,20.5897852,0
875,-103.3351827,20.6653528,417
876,-103.3280445,20.6532922,363
877,-103.3392026,20.6810411,357
878,-103.3201242,20.605478,0
879,-103.3804748,20.6571977,0
880,-103.3673071,20.6501173,0
881,-103.2909627,20.6918756,0
882,-103.3597831,20.6370365,0
883,-103.4484461,20.7184425,0
884,-103.3518842,20.6789762,724
885,-103.4572542,20.7130972,0
886,-103.34686,20.5292795,0
887,-103.3825705,20.651737,0
888,-103.281023,20.6437053,0
889,-103.3360717,20.6998241,0
890,-103.3345647,20.6886229,287
891,-103.2879956,20.6626427,0
892,-103.3457806,20.716372,0
893,-103.2495731,20.5968093,0
894,-103.28321,20.703321,0
896,-103.32448,20.7115976,0
897,-103.3795206,20.7284506,21
898,-103.3793212,20.737134,343
899,-103.3866828,20.6755167,244
900,-103.3312067,20.6437265,0
901,-103.34686,20.5292795,0
902,-103.3453082,20.579543,0
903,-103.4396612,20.6830828,0
904,-103.3803378,20.6561331,0
905,-103.3322855,20.5593115,0
906,-103.4058586,20.6526904,41
907,"-103.260027,",20.4651438,0
908,-103.3649971,20.6820362,494
909,-103.2876589,20.6792967,0
910,-103.3460628,20.6219574,0
911,-103.2739392,20.6752213,0
912,-103.3237091,20.650379,265
913,-103.4770752,20.778884,0
914,-103.3391437,20.7264794,0
915,-103.3703239,20.6260545,0
916,-103.3847806,20.6712574,667
917,-103.4432704,20.6486182,0
918,"-103.354551,",20.5830002,0
919,-103.2549942,20.6582874,0
920,-103.2421228,20.5182662,0
921,-103.32438,20.6708554,6
922,-103.4321522,20.613171,0
923,-103.4806078,20.717157,0
924,-103.3646399,20.7337812,0
925,-103.430888,20.608322,0
926,-103.3191629,20.7209346,0
927,-103.2343342,20.6688833,0
928,-103.3065757,20.6258844,0
929,-103.4529431,20.6558201,0