id,Coordy,Coordx,riesgo
1,20.67133,-103.3549309,Poco riesgo
2,20.6966319,-103.3215357,Poco riesgo
3,20.5321298,-103.2939616,Alto riesgo
4,20.6467019,-103.3806142,Poco riesgo
5,20.6631082,-103.3784544,Sin riesgo
6,20.6591569,-103.2713246,Poco riesgo
7,20.692515,-103.3164157,Riesgo moderado
8,20.6268888,-103.3888913,Poco riesgo
9,20.7135301,-103.4563948,Riesgo moderado
10,20.6479489,-103.4584275,Riesgo moderado
12,20.708548,-103.4583206,Riesgo moderado
13,20.6931241,-103.4524107,Riesgo moderado
14,20.5337176,-103.4752174,Alto riesgo
15,20.6594091,-103.3573826,Poco riesgo
16,20.6628693,-103.290369,Riesgo moderado
17,20.6217024,-103.3719344,Poco riesgo
18,20.6435303,-103.3539881,Riesgo moderado
19,20.6699891,-103.3038164,Poco riesgo
20,20.6467496,-103.3809342,Riesgo moderado
21,20.6587118,-103.3704142,Poco riesgo
22,20.6507871,-103.4511778,Riesgo moderado
23,20.6547096,-103.3640727,Poco riesgo
24,20.583591,-103.3541928,Riesgo moderado
25,20.7067316,-103.2864152,Riesgo moderado
26,20.485273,-103.4945742,Alto riesgo
27,20.6092836,-103.3406612,Poco riesgo
28,20.6913889,-103.3435538,Poco riesgo
29,20.6178396,-103.4537491,Riesgo moderado
30,20.6359011,-103.3690286,Poco riesgo
31,20.6258225,-103.3043907,Poco riesgo
32,20.663555,-103.2519682,Poco riesgo
33,20.7142353,-103.3543392,Riesgo moderado
34,20.6317075,-103.2851321,Poco riesgo
35,20.7316189,-103.4051591,Poco riesgo
37,20.653198,-103.3258091,Poco riesgo
38,20.6683833,-103.3183616,Poco riesgo
39,20.6885232,-103.296521,Riesgo moderado
40,20.713581,-103.3066822,Riesgo moderado
41,20.5474196,-103.4709054,Riesgo moderado
42,20.5620818,-103.2810756,Alto riesgo
43,20.6404572,-103.2767944,Riesgo moderado
44,20.6010889,-103.240285,Riesgo moderado
45,20.489172,-103.2745567,Alto riesgo
46,20.722337,-103.349033,Poco riesgo
47,20.565386,-103.3001002,Alto riesgo
48,20.622753,-103.2823372,Alto riesgo
49,20.689758,-103.3616244,Poco riesgo
50,20.7025379,"-103.360278,",Poco riesgo
51,20.600637,-103.2415917,Alto riesgo
52,20.4549552,-103.4168379,Riesgo moderado
53,20.636139,-103.467263,Poco riesgo
54,20.735805,-103.3725072,Riesgo moderado
55,20.7322654,-103.3564262,Riesgo moderado
56,20.6485584,-103.3519885,Poco riesgo
57,20.7225416,-103.3385603,Poco riesgo
58,20.7318124,-103.4047787,Poco riesgo
59,20.7316464,-103.4046784,Poco riesgo
60,20.6641023,-103.2768717,Riesgo moderado
61,20.536998,-103.3004492,Alto riesgo
62,20.6801167,-103.353747,Poco riesgo
63,20.6940059,-103.3318129,Poco riesgo
65,20.4700547,-103.4407851,Poco riesgo
66,20.72075,-103.31722,Riesgo moderado
67,20.6661698,-103.3110491,Poco riesgo
68,20.517816,-103.3916502,Riesgo moderado
69,20.6244739,-103.4151702,Riesgo moderado
70,20.6541271,-103.3694496,Poco riesgo
71,20.6258759,-103.3049544,Poco riesgo
72,20.6215412,-103.39527,Riesgo moderado
73,20.6431845,-103.4423092,Riesgo moderado
74,20.6524649,-103.2348561,Riesgo moderado
75,20.577278,-103.2166791,Alto riesgo
76,20.6466723,"-103.310104,",Poco riesgo
77,20.5849772,-103.3322499,Riesgo moderado
78,20.7588489,-103.4311958,Poco riesgo
79,20.636272,-103.4723762,Poco riesgo
80,20.590223,-103.274309,Poco riesgo
81,20.6391999,-103.3169647,Poco riesgo
82,20.592777,-103.2879092,Alto riesgo
84,20.6511645,-103.4565117,Riesgo moderado
85,20.5990039,-103.4323818,Poco riesgo
86,20.6737255,-103.3709368,Poco riesgo
87,20.6447868,-103.2871127,Riesgo moderado
88,20.560344,-103.3691127,Riesgo moderado
89,20.6726477,-103.3552147,Poco riesgo
90,20.6906242,-103.3156137,Riesgo moderado
91,20.6297745,-103.3705316,Poco riesgo
92,20.6526931,-103.2368606,Poco riesgo
93,20.614649,-103.2451482,Riesgo moderado
94,20.6281287,-103.4029186,Poco riesgo
95,20.562935,-103.2955512,Alto riesgo
96,20.7998417,-103.5060724,Riesgo moderado
97,20.7380937,-103.3787218,Riesgo moderado
98,20.6735678,-103.3737734,Poco riesgo
99,20.6676763,-103.3339741,Poco riesgo
100,20.6568626,-103.3571706,Riesgo moderado
101,20.530454,-103.4071491,Riesgo moderado
102,20.7399079,-103.3439448,Alto riesgo
104,20.6807865,"-103.311924,",Poco riesgo
105,20.7310821,-103.4537768,Poco riesgo
106,20.6994503,-103.3348022,Riesgo moderado
107,20.6794587,-103.3356087,Poco riesgo
108,20.6267774,-103.2434868,Poco riesgo
109,20.6689961,-103.2347405,Riesgo moderado
111,20.6429463,"-103.303624,",Poco riesgo
112,20.6967754,-103.3005748,Riesgo moderado
113,20.6352592,-103.3259251,Poco riesgo
114,20.483554,-103.4978657,Alto riesgo
115,20.6847856,-103.2914086,Poco riesgo
116,20.6663525,-103.3341595,Poco riesgo
117,20.7093248,-103.3890657,Riesgo moderado
118,20.6509746,"-103.332438,",Poco riesgo
119,20.6286346,"-103.350133,",Poco riesgo
120,20.7375387,-103.3215787,Poco riesgo
121,20.7255023,-103.3370365,Riesgo moderado
122,20.576805,-103.35767,Riesgo moderado
123,20.614507,-103.3188846,Riesgo moderado
124,20.6446146,-103.2848657,Poco riesgo
125,20.6092875,-103.3405753,Poco riesgo
126,20.6971178,-103.3654329,Poco riesgo
127,20.6313189,-103.4370352,Riesgo moderado
128,20.592811,-103.283664,Alto riesgo
130,20.6523825,-103.2217673,Riesgo moderado
131,20.7276695,-103.3709199,Riesgo moderado
132,20.6298149,-103.4606009,Riesgo moderado
134,20.697506,-103.3938532,Riesgo moderado
135,20.6793828,-103.3405585,Poco riesgo
137,20.641932,-103.352115,Riesgo moderado
138,20.6301211,-103.4458201,Riesgo moderado
139,20.6754402,-103.3023406,Poco riesgo
140,20.693273,-103.455583,Alto riesgo
141,20.6171187,-103.3440653,Poco riesgo
142,20.480781,-103.5020212,Alto riesgo
143,20.588703,-103.265658,Poco riesgo
144,20.609037,-103.327006,Alto riesgo
145,20.666406,-103.390994,Poco riesgo
146,20.712306,-103.375139,Poco riesgo
147,20.758569,-103.441173,Riesgo moderado
148,20.475415,-103.2678632,Alto riesgo
149,20.6965182,"-103.355071,",Poco riesgo
150,20.5969362,-103.4382889,Riesgo moderado
151,20.605056,-103.337167,Riesgo moderado
153,20.740139,-103.387444,Poco riesgo
155,20.66650772,-103.2976608,Poco riesgo
156,20.7044818,-103.3486085,Sin riesgo
157,20.64753342,-103.2612381,Riesgo moderado
158,20.68159103,-103.3186646,Poco riesgo
159,20.6839064,"-103.369443,",Poco riesgo
161,20.67280388,-103.3495865,Poco riesgo
162,20.588083,-103.38327,Riesgo moderado
163,20.70370674,-103.323494,Riesgo moderado
164,20.62952423,-103.4069672,Riesgo moderado
165,20.66524506,-103.3330307,Poco riesgo
166,20.69374847,-103.3098602,Poco riesgo
169,20.641287,-103.409173,Poco riesgo
170,20.65996361,-103.2776489,Poco riesgo
171,20.56864738,-103.3652344,Poco riesgo
172,20.6276989,-103.4608459,Riesgo moderado
173,20.66896629,-103.3068771,Poco riesgo
174,20.67248344,-103.4228973,Riesgo moderado
175,20.673968,-103.295623,Riesgo moderado
176,20.6271458,-103.4606734,Poco riesgo
177,20.62933159,-103.455246,Poco riesgo
178,20.65958405,-103.3045502,Poco riesgo
179,20.70246506,-103.3596115,Sin riesgo
180,20.68489265,-103.3671112,Poco riesgo
181,20.61882591,-103.2481308,Poco riesgo
182,20.67231369,-103.3335648,Poco riesgo
183,20.63059998,-103.3551712,Riesgo moderado
184,20.641565,-103.3637293,Poco riesgo
185,20.6737963075363,-103.3472404,Poco riesgo
186,20.71927261,-103.3538208,Poco riesgo
187,20.7185955,-103.3455963,Alto riesgo
188,20.7180709,-103.3453754,Poco riesgo
189,20.6793499,-103.2482681,Riesgo moderado
190,20.64132,-103.43288,Riesgo moderado
191,20.5554006,-103.4282501,Alto riesgo
192,20.728692,-103.566876,Alto riesgo
193,20.72685653,-103.3411927,Riesgo moderado
194,20.65880966,-103.4476471,Riesgo moderado
195,20.70240402,-103.3325653,Poco riesgo
196,20.66607857,-103.4502945,Riesgo moderado
197,20.65722656,-103.3510361,Poco riesgo
199,20.7280023,-103.4020532,Riesgo moderado
200,20.68318367,-103.3240051,Poco riesgo
201,20.72800255,-103.4009552,Riesgo moderado
202,20.67277908,-103.3506775,Sin riesgo
203,20.66270447,-103.4312592,Riesgo moderado
204,20.68212128,-103.3345337,Poco riesgo
205,20.67612076,-103.2318268,Riesgo moderado
206,20.71002579,-103.4401398,Poco riesgo
207,20.59001541,-103.28508,Poco riesgo
208,20.66426086,-103.3246307,Poco riesgo
209,20.67591286,-103.3034515,Poco riesgo
210,20.6716938,-103.3642807,Sin riesgo
211,20.622379,-103.246964,Poco riesgo
212,20.629382,-103.3870952,Riesgo moderado
213,20.6647719,-103.3055209,Poco riesgo
214,20.69872475,-103.3332825,Poco riesgo
216,20.64975357,-103.4003983,Riesgo moderado
217,20.67811584,-103.3593521,Poco riesgo
218,20.62159348,-103.3524475,Poco riesgo
219,20.68687439,-103.3636246,Poco riesgo
221,20.59473038,-103.3296814,Riesgo moderado
222,20.584494,-103.33219,Poco riesgo
223,20.65041733,-103.3669128,Poco riesgo
225,20.6882019,-103.4269791,Riesgo moderado
226,20.67051315,-103.3462524,Poco riesgo
227,20.60628128,-103.3377228,Poco riesgo
228,20.62371635,-103.437355,Riesgo moderado
229,20.645389,-103.299444,Poco riesgo
230,20.62887383,-103.3602142,Poco riesgo
231,20.5988884,-103.3347092,Poco riesgo
233,20.66423607,-103.2810059,Riesgo moderado
234,20.72299576,-103.324501,Poco riesgo
235,20.62438393,-103.3771744,Poco riesgo
236,20.64693451,-103.3211517,Poco riesgo
237,20.7130126,-103.4591241,Riesgo moderado
238,20.744482,-103.44742,Riesgo moderado
239,20.743657,-103.447796,Riesgo moderado
240,20.6322395,-103.3679256,Riesgo moderado
241,20.74332237,-103.4194641,Poco riesgo
242,20.67419624,-103.3091125,Poco riesgo
243,20.632024,-103.429312,Riesgo moderado
244,20.66988182,-103.3660431,Poco riesgo
245,20.66640663,-103.3097687,Poco riesgo
246,20.67610359,-103.3650818,Poco riesgo
247,20.62129593,-103.4227066,Poco riesgo
248,20.67326546,-103.3880005,Poco riesgo
249,20.62907028,-103.2624435,Riesgo moderado
250,20.6795063,-103.3903656,Poco riesgo
251,20.73429108,-103.4233398,Riesgo moderado
252,20.64211464,-103.4609528,Poco riesgo
253,20.5752694,-103.3165891,Alto riesgo
254,20.4812712,-103.4550041,Riesgo moderado
256,20.59361649,-103.2743988,Poco riesgo
257,20.69374847,-103.3098602,Poco riesgo
259,20.7422657,-103.355835,Riesgo moderado
260,20.70973778,-103.3883057,Riesgo moderado
261,20.65082169,-103.3990402,Poco riesgo
262,20.64947891,-103.3829041,Riesgo moderado
264,20.8532469,-103.4273029,Poco riesgo
265,20.5727787,-103.3557587,Poco riesgo
266,20.69418526,-103.3529205,Poco riesgo
268,20.67948723,-103.3806458,Poco riesgo
269,20.6893158,-103.3786087,Poco riesgo
270,20.69915962,-103.4524002,Riesgo moderado
271,20.66048241,-103.2773438,Riesgo moderado
272,20.60870171,-103.3153687,Poco riesgo
275,20.63205147,-103.3810043,Poco riesgo
276,20.68908691,-103.308075,Poco riesgo
277,20.64195442,-103.3076477,Poco riesgo
279,20.69570923,-103.2994919,Poco riesgo
280,20.69334221,-103.3607635,Poco riesgo
281,20.68173027,-103.435379,Poco riesgo
282,20.64968109,-103.3163376,Poco riesgo
283,20.60936356,-103.3406601,Poco riesgo
284,20.70283127,-103.3761826,Poco riesgo
286,20.648629,-103.306104,Poco riesgo
287,20.64614868,-103.4061661,Poco riesgo
288,20.65563393,-103.3175583,Poco riesgo
289,20.6918354,-103.415329,Poco riesgo
291,20.6502276,-103.3400989,Riesgo moderado
292,20.7035923,-103.3474503,Poco riesgo
293,20.555522,-103.454044,Poco riesgo
294,20.66218758,-103.3637161,Poco riesgo
295,20.63219261,-103.3676758,Riesgo moderado
296,20.69934464,-103.3550186,Poco riesgo
297,20.766819,-103.4526291,Poco riesgo
298,20.60447884,-103.2768707,Poco riesgo
299,20.67034149,-103.3593597,Poco riesgo
300,20.63021851,-103.4413452,Poco riesgo
301,20.72478676,-103.4189529,Riesgo moderado
302,20.6624771,-103.3607539,Poco riesgo
303,20.62729073,-103.4107437,Poco riesgo
304,20.74594116,-103.3983994,Poco riesgo
305,20.59971619,-103.2864914,Poco riesgo
306,20.62727165,-103.3238373,Poco riesgo
307,20.6694789,-103.4526987,Riesgo moderado
308,20.68035126,-103.2943344,Poco riesgo
309,20.65613747,-103.3726425,Poco riesgo
310,20.66382599,-103.3177338,Poco riesgo
311,20.61774635,-103.4513092,Riesgo moderado
312,20.68844986,-103.2727509,Poco riesgo
313,20.6486187,-103.4577179,Riesgo moderado
314,20.64454651,-103.3846817,Riesgo moderado
315,20.71927261,-103.3538208,Poco riesgo
316,20.6629847,-103.2918445,Poco riesgo
317,20.58906174,-103.3329926,Poco riesgo
318,20.679276,-103.3694505,Poco riesgo
320,20.67141151,-103.3516464,Poco riesgo
321,20.66534805,-103.3720627,Poco riesgo
322,20.7337513,-103.3625031,Poco riesgo
323,20.66856384,-103.2760468,Riesgo moderado
324,20.525013,-103.2522442,Alto riesgo
325,20.74462128,-103.3538818,Poco riesgo
326,20.65535164,-103.3008041,Riesgo moderado
327,20.62725067,-103.2455292,Riesgo moderado
328,20.66417122,-103.2893448,Poco riesgo
329,20.66966248,-103.4312286,Poco riesgo
330,20.62420273,-103.3763046,Riesgo moderado
331,20.68199539,-103.3404083,Poco riesgo
332,20.67337036,-103.4270401,Riesgo moderado
333,20.6683444,-103.3428639,Poco riesgo
334,20.68387604,-103.283783,Poco riesgo
335,20.6529026,-103.2786789,Riesgo moderado
336,20.62694168,-103.2557449,Poco riesgo
337,20.67378426,-103.3153229,Poco riesgo
338,20.68483162,-103.3637009,Poco riesgo
339,20.4957771,-103.2420289,Alto riesgo
340,20.66248512,-103.3327103,Poco riesgo
342,20.64919472,-103.2699814,Riesgo moderado
343,20.63952637,-103.3395462,Riesgo moderado
344,20.71342659,-103.3740311,Poco riesgo
345,20.6553983,-103.3013819,Riesgo moderado
346,20.59567,-103.3259577,Alto riesgo
347,20.535263,-103.2976462,Alto riesgo
348,20.62541962,-103.4337769,Riesgo moderado
349,20.67136574,-103.371582,Sin riesgo
351,20.78166962,-103.4629211,Poco riesgo
352,20.65926743,-103.3560257,Poco riesgo
353,20.67278481,-103.4306183,Riesgo moderado
354,20.62972832,-103.4488678,Poco riesgo
355,20.58480263,-103.3322449,Poco riesgo
356,20.68539238,-103.3234863,Poco riesgo
357,20.676123,-103.3575401,Poco riesgo
358,20.65293121,-103.3434219,Poco riesgo
359,20.6578202,-103.3137223,Poco riesgo
360,20.6166622,-103.4349672,Poco riesgo
361,20.7635297,-103.4383767,Poco riesgo
362,20.6258522,-103.3043618,Poco riesgo
363,20.69367981,-103.3004074,Poco riesgo
364,20.7357235,-103.368103,Riesgo moderado
365,20.64326859,-103.3497162,Poco riesgo
366,20.63546562,-103.3938141,Riesgo moderado
367,20.62727547,-103.2456207,Poco riesgo
368,20.6667586,-103.3746373,Poco riesgo
369,20.72730255,-103.3151932,Poco riesgo
370,20.66643143,-103.3910141,Poco riesgo
371,20.7070961,-103.355072,Poco riesgo
372,20.71122932,-103.2967987,Poco riesgo
373,20.6909256,-103.3063049,Riesgo moderado
374,20.73561668,-103.3666534,Riesgo moderado
375,20.67888832,-103.3688812,Poco riesgo
376,20.54269791,-103.4729767,Alto riesgo
377,20.74044609,-103.364563,Poco riesgo
378,20.54199028,-103.3601303,Riesgo moderado
379,20.72258759,-103.3689804,Riesgo moderado
380,20.50803375,-103.357605,Riesgo moderado
382,20.69380569,-103.3232422,Poco riesgo
383,20.66861725,-103.4097366,Poco riesgo
384,20.72473145,-103.419014,Riesgo moderado
385,20.64844322,-103.2724991,Riesgo moderado
386,20.65515709,-103.3915176,Poco riesgo
388,20.65890884,-103.2508087,Riesgo moderado
389,20.60803032,-103.3280411,Riesgo moderado
390,20.5990448,-103.4373627,Riesgo moderado
391,20.60116959,-103.2394104,Alto riesgo
392,20.6858387,-103.2642822,Riesgo moderado
393,20.6572816,-103.3527674,Poco riesgo
394,20.67724037,-103.3523712,Poco riesgo
395,20.72619438,-103.3695526,Poco riesgo
396,20.68457413,-103.2621307,Poco riesgo
397,20.63098717,-103.3787613,Poco riesgo
399,nan,nan,Alto riesgo
400,20.5968377,-103.4001436,Alto riesgo
401,20.6248173,-103.4032592,Poco riesgo
403,20.69176865,-103.311142,Poco riesgo
404,20.62374687,-103.373909,Riesgo moderado
405,20.438574,-103.2476472,Alto riesgo
406,20.5557143,-103.4278256,Alto riesgo
407,20.67331696,-103.4235992,Poco riesgo
408,20.4734592,-103.4455551,Poco riesgo
409,20.57391548,-103.3638306,Poco riesgo
410,20.67561722,-103.3799744,Poco riesgo
411,20.72208786,-103.3082657,Poco riesgo
412,20.7218574,-103.3070823,Poco riesgo
413,20.63075829,-103.4360886,Riesgo moderado
415,20.73337364,-103.409729,Riesgo moderado
416,20.71327209,-103.3548355,Riesgo moderado
417,20.71201515,-103.4530106,Riesgo moderado
418,20.65041733,-103.3669128,Poco riesgo
419,20.62309456,-103.347023,Riesgo moderado
420,20.64616394,-103.3296967,Poco riesgo
422,20.65977287,-103.2758026,Poco riesgo
423,20.67234039,-103.3672028,Poco riesgo
424,20.69260406,-103.3153,Riesgo moderado
425,20.61882591,-103.2481308,Poco riesgo
426,20.67167473,-103.359375,Sin riesgo
427,20.68502808,-103.3708038,Poco riesgo
428,20.5264853,-103.2908968,Alto riesgo
429,20.70812988,-103.3239136,Poco riesgo
430,20.6773777,-103.3120651,Poco riesgo
431,20.68258476,-103.3819199,Poco riesgo
432,20.67692375,-103.261261,Poco riesgo
433,20.68942833,-103.310463,Poco riesgo
434,20.5813545,-103.3397153,Poco riesgo
435,20.74369049,-103.3557892,Poco riesgo
436,20.7317791,-103.4047546,Riesgo moderado
438,20.67949295,-103.3347092,Poco riesgo
439,20.68185234,-103.352272,Poco riesgo
440,20.7407909,-103.3892599,Poco riesgo
441,20.76652527,-103.4511261,Poco riesgo
442,20.66537285,-103.2766647,Riesgo moderado
443,20.67731285,-103.3466034,Poco riesgo
444,20.61523628,-103.3428116,Riesgo moderado
445,20.62972832,-103.4488678,Poco riesgo
446,20.73345947,-103.3970566,Poco riesgo
447,20.7215023,-103.3450699,Poco riesgo
448,20.66594887,-103.2807007,Riesgo moderado
449,20.6388855,-103.3648224,Poco riesgo
450,20.66271019,-103.4213791,Poco riesgo
451,20.5475323,-103.4706392,Riesgo moderado
452,20.547442,-103.4773262,Alto riesgo
453,20.67718506,-103.354805,Poco riesgo
454,20.62120628,-103.3597946,Riesgo moderado
455,20.62271118,-103.2898254,Riesgo moderado
456,20.62247849,-103.3716812,Riesgo moderado
457,20.6227853,-103.3738541,Riesgo moderado
458,20.729089,-103.5311687,Alto riesgo
459,20.70957375,-103.3106766,Poco riesgo
460,20.6579628,-103.3718719,Poco riesgo
461,20.70713425,-103.2940979,Riesgo moderado
462,20.65052032,-103.3359756,Poco riesgo
463,20.5696737,-103.4426309,Riesgo moderado
464,20.65874863,-103.274231,Poco riesgo
465,20.453042,-103.4350163,Alto riesgo
467,20.67943382,-103.2887573,Riesgo moderado
468,20.6407032,-103.4526825,Poco riesgo
469,20.59171486,-103.3868103,Riesgo moderado
470,20.54394779,-103.46491752,Riesgo moderado
471,20.67177391,-103.3049164,Poco riesgo
472,20.59152603,-103.239006,Riesgo moderado
473,20.66246223,-103.3901443,Poco riesgo
474,20.64590454,-103.3330231,Riesgo moderado
475,20.7337513,-103.3625031,Riesgo moderado
476,20.67874146,-103.3313675,Poco riesgo
478,20.59327888,-103.2417984,Poco riesgo
479,20.5336588,-103.4275061,Poco riesgo
480,20.65077209,-103.3417664,Poco riesgo
481,20.68315125,-103.3391037,Poco riesgo
482,20.67385292,-103.286087,Poco riesgo
483,20.76301575,-103.437706,Poco riesgo
484,20.5582179,-103.4688255,Poco riesgo
485,20.683602,-103.2402417,Riesgo moderado
486,20.66807747,-103.3152313,Poco riesgo
487,20.5713133,-103.4394932,Riesgo moderado
488,20.64947891,-103.3829041,Riesgo moderado
490,20.6844493,-103.2457512,Riesgo moderado
491,20.5075402,-103.3979497,Alto riesgo
492,20.53791237,-103.404213,Riesgo moderado
493,20.61911964,-103.2980499,Poco riesgo
494,20.66088295,-103.3531036,Poco riesgo
495,20.4648257,-103.2569515,Alto riesgo
496,20.6089574,-103.2718287,Alto riesgo
497,20.6973193,-103.3713482,Poco riesgo
498,20.7680912,-103.444252,Poco riesgo
499,20.63588142,-103.371933,Poco riesgo
500,20.74343872,-103.3644104,Poco riesgo
501,20.6705536,-103.3715769,Sin riesgo
502,20.59061432,-103.3217545,Riesgo moderado
503,20.65831184,-103.4232178,Poco riesgo
504,20.72140312,-103.3452988,Poco riesgo
506,20.79560661,-103.4771881,Poco riesgo
507,20.71292877,-103.3213272,Poco riesgo
508,20.5990448,-103.4373627,Poco riesgo
509,20.7311306,-103.3519974,Riesgo moderado
510,20.690485,-103.2968903,Poco riesgo
511,20.69560623,-103.4485855,Riesgo moderado
512,20.5897852,-103.3214499,Riesgo moderado
513,20.68837547,-103.3196487,Riesgo moderado
514,20.66538811,-103.3101196,Poco riesgo
515,20.6183324,-103.4007999,Poco riesgo
516,20.70570946,-103.2957764,Riesgo moderado
517,20.57775307,-103.3625412,Riesgo moderado
518,20.66987419,-103.3427124,Poco riesgo
519,20.7316099,-103.4217727,Riesgo moderado
520,20.589315,-103.431114,Poco riesgo
521,20.52993774,-103.3699417,Poco riesgo
522,20.70366478,-103.45982359999999,Riesgo moderado
523,20.7315464,-103.3939133,Poco riesgo
524,20.64039421,-103.4161987,Poco riesgo
525,20.67490578,-103.35466,Poco riesgo
527,20.753126,-103.3864097,Poco riesgo
528,20.65865326,-103.4392014,Poco riesgo
529,20.63513756,-103.4669571,Poco riesgo
530,20.5255062,-103.2905762,Alto riesgo
531,20.63594818,-103.4659119,Poco riesgo
532,20.64443016,-103.3067169,Poco riesgo
533,20.65204239,-103.3287659,Poco riesgo
534,20.72133636,-103.3455582,Riesgo moderado
535,20.5300036,-103.2948803,Alto riesgo
537,20.5255062,-103.2905762,Alto riesgo
538,20.5470065,-103.4711852,Riesgo moderado
540,20.64794731,-103.3529968,Riesgo moderado
542,20.64254379,-103.399353,Riesgo moderado
543,20.72997665,-103.4286499,Riesgo moderado
544,20.67928505,-103.3785858,Poco riesgo
545,20.61478424,-103.4269638,Alto riesgo
546,20.68589973,-103.2616425,Poco riesgo
547,20.572195,-103.1678312,Alto riesgo
548,20.67512894,-103.3009567,Poco riesgo
549,20.648447,-103.442858,Riesgo moderado
550,20.7032559,-103.4598334,Riesgo moderado
551,20.68313408,-103.3403931,Poco riesgo
552,20.5471296,-103.3614144,Poco riesgo
553,20.68196869,-103.362999,Poco riesgo
554,20.66338539,-103.2811127,Riesgo moderado
555,20.74823189,-103.3642044,Poco riesgo
557,20.69799232,-103.3526611,Poco riesgo
558,20.61732864,-103.3090439,Poco riesgo
559,20.642416,-103.3879395,Riesgo moderado
560,20.63028145,-103.3768768,Poco riesgo
561,20.62541389,-103.4647293,Poco riesgo
562,20.6414921,-103.3571032,Poco riesgo
563,20.7221467,-103.3655427,Poco riesgo
564,20.67412758,-103.3548508,Poco riesgo
565,20.64614868,-103.4061661,Poco riesgo
566,20.65837288,-103.3115234,Poco riesgo
567,20.76983643,-103.4466782,Poco riesgo
569,20.7369285,-103.373818,Poco riesgo
570,20.72523308,-103.3870926,Poco riesgo
571,20.629086,-103.3483875,Riesgo moderado
572,20.73508453,-103.4236908,Riesgo moderado
573,20.66069221,-103.3178024,Poco riesgo
574,20.6291008,-103.3461227,Poco riesgo
575,20.67904854,-103.371727,Poco riesgo
576,20.69888115,-103.3540497,Poco riesgo
577,20.7609254,-103.4396561,Poco riesgo
578,20.5920722,-103.3866086,Riesgo moderado
579,20.67731285,-103.3466034,Poco riesgo
580,20.5446633,-103.4642192,Riesgo moderado
581,20.6240259,-103.375689,Riesgo moderado
582,20.71927261,-103.3538208,Poco riesgo
583,20.64361191,-103.4407501,Poco riesgo
584,20.63977432,-103.447319,Poco riesgo
585,20.64506912,-103.4602737,Riesgo moderado
586,20.648224,-103.403053,Riesgo moderado
587,20.66720963,-103.2911301,Poco riesgo
588,20.6642733,-103.3659296,Poco riesgo
589,20.68985367,-103.3465424,Poco riesgo
590,20.7067349,-103.3517704,Poco riesgo
591,20.69175339,-103.2723541,Poco riesgo
592,20.55851364,-103.4169998,Alto riesgo
593,20.6464386,-103.3122482,Poco riesgo
594,20.69615364,-103.3551025,Poco riesgo
595,20.68276024,-103.3522568,Sin riesgo
596,20.71412468,-103.346138,Poco riesgo
597,20.7002455,-103.3715213,Poco riesgo
598,20.73101807,-103.411644,Poco riesgo
600,20.70864296,-103.4583206,Riesgo moderado
602,20.4640569,-103.4330327,Poco riesgo
603,20.66679382,-103.3003693,Poco riesgo
604,20.56100082,-103.3127747,Poco riesgo
605,20.6446286,"-103.315795,",Poco riesgo
606,20.6176973,-103.4516392,Poco riesgo
607,20.67136574,-103.371582,Sin riesgo
608,20.67946243,-103.3503876,Poco riesgo
609,20.62227631,-103.3739243,Poco riesgo
610,20.66835403,-103.3283844,Poco riesgo
611,20.62308693,-103.4155884,Riesgo moderado
612,20.64966011,-103.4565125,Poco riesgo
613,20.743734,-103.411362,Poco riesgo
614,20.62648964,-103.3302231,Poco riesgo
615,20.75853348,-103.4341736,Riesgo moderado
616,20.68277359,-103.3539658,Poco riesgo
617,20.717493,-103.455627,Poco riesgo
618,20.61052895,-103.2833862,Poco riesgo
619,20.7303512,-103.4441173,Riesgo moderado
621,20.7060569,-103.3844281,Poco riesgo
622,20.6883812,-103.2785339,Poco riesgo
623,20.65039444,-103.3532104,Poco riesgo
624,20.68873978,-103.2948303,Riesgo moderado
625,20.73140526,-103.3938828,Sin riesgo
626,20.63545227,-103.4150085,Poco riesgo
627,20.69846344,-103.3327408,Riesgo moderado
628,20.61320877,-103.3963318,Poco riesgo
629,20.65761566,-103.2698898,Riesgo moderado
630,20.745565,-103.447151,Poco riesgo
632,20.67218399,-103.3546982,Poco riesgo
635,20.63015175,-103.3651276,Poco riesgo
636,20.766653,-103.446678,Poco riesgo
637,20.6543094,-103.3463659,Poco riesgo
638,20.65824318,-103.3857346,Poco riesgo
639,20.69003487,-103.2637634,Riesgo moderado
640,20.66722488,-103.335289,Poco riesgo
641,20.7398793,-103.3935181,Poco riesgo
643,20.6464483,"-103.314446,",Poco riesgo
644,20.61663246,-103.2856293,Poco riesgo
645,20.63352966,-103.4687347,Poco riesgo
646,20.7125652,-103.3763324,Poco riesgo
647,20.71332169,-103.3765793,Poco riesgo
648,20.67634201,-103.3548203,Poco riesgo
649,20.56100464,-103.3583298,Poco riesgo
650,20.72545815,-103.3370743,Riesgo moderado
651,20.66426468,-103.327919,Sin riesgo
652,20.6868248,-103.3620148,Poco riesgo
653,20.72545815,-103.3370743,Riesgo moderado
655,20.5990448,-103.2322083,Alto riesgo
656,20.68377113,-103.4245605,Riesgo moderado
657,20.69924164,-103.3139877,Poco riesgo
660,20.5472405,-103.3340312,Riesgo moderado
661,20.54715729,-103.3339767,Poco riesgo
662,20.61800476,-103.3216071,Riesgo moderado
663,20.6702652,-103.2270819,Riesgo moderado
664,20.63197136,-103.4292984,Riesgo moderado
665,20.60724258,-103.3324203,Poco riesgo
666,20.72801781,-103.3980179,Poco riesgo
667,20.6795311,-103.3865433,Poco riesgo
668,20.6722641,-103.3715897,Poco riesgo
669,20.64229584,-103.3519669,Poco riesgo
670,20.67407036,-103.3568573,Poco riesgo
671,20.60351181,-103.247139,Alto riesgo
672,20.7035923,-103.3474503,Poco riesgo
673,20.73864365,-103.3785706,Poco riesgo
675,20.62825203,-103.3487778,Poco riesgo
677,20.646229,-103.40599,Poco riesgo
678,20.67512894,-103.3009567,Poco riesgo
679,20.62915802,-103.322464,Riesgo moderado
681,20.721158,-103.316843,Poco riesgo
682,20.71342659,-103.3740311,Poco riesgo
683,20.6528127,-103.3270084,Poco riesgo
684,20.64882469,-103.4467697,Riesgo moderado
685,20.67481995,-103.3585739,Poco riesgo
686,20.7564634,-103.4360974,Riesgo moderado
687,20.68589592,-103.3401718,Poco riesgo
688,20.69021416,-103.3021927,Poco riesgo
689,20.7201767,-103.3552475,Poco riesgo
690,20.7313969,-103.3863227,Poco riesgo
692,20.65761566,-103.2698898,Riesgo moderado
693,20.672169,-103.384019,Poco riesgo
694,20.66766548,-103.3670654,Poco riesgo
695,20.6835631,-103.3468228,Poco riesgo
696,20.693894,-103.3273602,Poco riesgo
697,20.701446,-103.353546,Poco riesgo
699,20.5847599,-103.4232938,Alto riesgo
701,20.6203071,-103.3550334,Riesgo moderado
702,20.503079,-103.280127,Alto riesgo
703,20.668778,-103.234833,Riesgo moderado
704,20.71277428,-103.4095001,Riesgo moderado
705,20.686163,-103.336035,Poco riesgo
706,20.6840903,-103.3620656,Poco riesgo
707,20.7301802,-103.4298224,Riesgo moderado
709,20.69735336,-103.3722916,Poco riesgo
710,20.72414017,-103.3335419,Riesgo moderado
711,20.666927,-103.368958,Poco riesgo
712,20.682606,-103.438212,Riesgo moderado
713,20.63866425,-103.2779694,Riesgo moderado
714,20.67808342,-103.3543091,Poco riesgo
715,20.62834358,-103.3575668,Poco riesgo
716,20.65812,-103.2557394,Poco riesgo
717,20.6837892,-103.3541486,Poco riesgo
718,20.59407043,-103.410759,Riesgo moderado
719,20.68358612,-103.3461914,Poco riesgo
720,20.73085785,-103.4133148,Poco riesgo
721,20.506045,-103.3491246,Poco riesgo
722,20.66194725,-103.2944336,Poco riesgo
723,20.67217064,-103.3826752,Poco riesgo
724,20.731115,-103.45163,Riesgo moderado
725,20.65077209,-103.3417664,Poco riesgo
726,20.66259384,-103.3285904,Poco riesgo
727,20.62679291,-103.3480453,Riesgo moderado
728,20.763021,-103.437761,Poco riesgo
729,20.65144157,-103.2838135,Poco riesgo
730,20.59447861,-103.2627106,Poco riesgo
731,20.72772026,-103.3593979,Poco riesgo
732,20.70487022,-103.3548584,Poco riesgo
733,20.6753866,-103.3704902,Poco riesgo
734,20.6384812,-103.4189562,Poco riesgo
735,20.67370987,-103.3687668,Poco riesgo
736,20.6641349,-103.3289116,Poco riesgo
737,20.5352683,-103.4741172,Riesgo moderado
738,20.6660878,-103.3089557,Riesgo moderado
739,20.66198349,-103.3037262,Poco riesgo
740,20.6707571,-103.3443048,Poco riesgo
741,20.657073,-103.357023,Riesgo moderado
742,20.62902832,-103.4210205,Poco riesgo
743,20.67680931,-103.384819,Poco riesgo
744,20.662214,-103.363707,Poco riesgo
745,20.6881273,-103.2994545,Poco riesgo
746,20.5503927,-103.3562958,Poco riesgo
747,20.6843488,-103.3731552,Poco riesgo
748,20.68437195,-103.3735809,Poco riesgo
749,20.75026321,-103.4281616,Riesgo moderado
750,20.73494148,-103.3910751,Poco riesgo
751,20.80164719,-103.4939117,Riesgo moderado
752,20.68296242,-103.3444061,Poco riesgo
753,20.4827758,-103.4549234,Alto riesgo
754,20.65842247,-103.4346161,Riesgo moderado
755,20.712837,-103.376137,Poco riesgo
756,20.65041733,-103.3669128,Poco riesgo
757,20.67940521,-103.2415237,Riesgo moderado
758,20.6288918,-103.3219785,Riesgo moderado
760,20.71235085,-103.3750687,Poco riesgo
761,20.67059135,-103.3799896,Poco riesgo
762,20.733758,-103.362528,Poco riesgo
763,20.67071533,-103.3443832,Poco riesgo
764,20.59807205,-103.4177856,Poco riesgo
765,20.628398,-103.25182,Poco riesgo
766,20.661882,-103.360689,Poco riesgo
767,20.688425,-103.319639,Riesgo moderado
769,20.59508705,-103.3237991,Riesgo moderado
770,20.762783,-103.439004,Poco riesgo
771,20.747765,-103.397934,Riesgo moderado
772,20.641559,-103.429283,Poco riesgo
773,20.67407227,-103.3299942,Poco riesgo
774,"20.652707,",-103.369278,Poco riesgo
775,20.6822878,-103.4202984,Riesgo moderado
776,20.63202477,-103.3589554,Poco riesgo
777,20.7267137,-103.4175599,Riesgo moderado
778,20.623451,-103.349515,Poco riesgo
779,20.68704987,-103.3538361,Poco riesgo
780,20.65716743,-103.3801956,Poco riesgo
781,20.684886,-103.365059,Poco riesgo
782,20.6841506,-103.3620857,Poco riesgo
783,20.59719467,-103.4318695,Poco riesgo
784,20.69934464,-103.3550186,Poco riesgo
785,20.656358,-103.38188,Poco riesgo
786,20.6300425,-103.4457957,Poco riesgo
787,20.71332169,-103.3765793,Poco riesgo
788,20.6530571,-103.3384399,Poco riesgo
789,20.6535511,-103.3053513,Riesgo moderado
790,20.72436142,-103.3872528,Poco riesgo
791,20.604109,-103.452183,Poco riesgo
792,20.58480263,-103.3322449,Poco riesgo
793,20.685544,-103.277681,Poco riesgo
794,20.801036,-103.470424,Riesgo moderado
795,20.72478676,-103.4189529,Riesgo moderado
796,20.62340927,-103.3713837,Poco riesgo
797,20.6207048,-103.3563763,Riesgo moderado
798,20.7429331,-103.3920581,Poco riesgo
799,20.740602,ï¿½-103.419236,Poco riesgo
800,20.63075829,-103.4360886,Riesgo moderado
801,20.76301575,-103.437706,Poco riesgo
802,20.689775,-103.361959,Poco riesgo
803,20.71927261,-103.3538208,Poco riesgo
804,20.6664412,-103.3929534,Poco riesgo
805,20.635894,-103.412771,Poco riesgo
806,20.64668846,-103.3799744,Poco riesgo
807,20.7274846,-103.368544,Riesgo moderado
808,20.777462,-103.4447128,Riesgo moderado
809,20.629972,-103.336176,Riesgo moderado
810,20.72891808,-103.3890228,Poco riesgo
812,20.7299895,-103.4238521,Riesgo moderado
813,20.6744957,-103.3423233,Poco riesgo
814,20.6649786,-103.2830231,Poco riesgo
815,20.76301575,-103.437706,Poco riesgo
816,20.66372108,-103.3337708,Poco riesgo
818,20.5171561,-103.1832984,Alto riesgo
819,20.6224267,-103.4560577,Poco riesgo
820,20.6747459,-103.364799,Poco riesgo
821,20.68178368,-103.3115768,Poco riesgo
822,20.62043953,-103.3638992,Poco riesgo
823,20.65890884,-103.2508087,Riesgo moderado
825,20.5508275,-103.3291025,Poco riesgo
826,20.6689467,-103.354962,Poco riesgo
827,20.710082,-103.320103,Poco riesgo
828,20.66103935,-103.3611221,Poco riesgo
829,20.6481579,-103.3526147,Poco riesgo
830,20.7344391,-103.3667678,Poco riesgo
831,20.73988724,-103.391304,Poco riesgo
832,20.641103,-103.389527,Poco riesgo
833,20.71235085,-103.3750687,Poco riesgo
834,20.5792635,-103.4304301,Riesgo moderado
835,20.65556908,-103.4530182,Riesgo moderado
836,20.6536989,-103.3726507,Riesgo moderado
837,20.6793445,-103.3695187,Poco riesgo
839,20.512868,-103.3412511,Riesgo moderado
841,20.5951104,-103.3239455,Riesgo moderado
842,20.7694031,-103.4474623,Poco riesgo
844,20.6724963,-103.2957628,Riesgo moderado
845,20.6458464,-103.4498344,Riesgo moderado
846,20.7315336,-103.4069201,Riesgo moderado
847,20.7450365,-103.389209,Riesgo moderado
848,20.6743955,-103.306282,Poco riesgo
849,20.7401476,-103.3877258,Poco riesgo
850,20.7267151,-103.3400434,Riesgo moderado
853,20.6613115,-103.3805731,Poco riesgo
855,20.7310621,-103.4129507,Poco riesgo
858,20.7218052,-103.3458478,Riesgo moderado
860,20.7232113,-103.3306516,Riesgo moderado
861,20.6471083,-103.3699192,Poco riesgo
862,20.7141232,-103.3462912,Poco riesgo
863,20.663098,-103.3078989,Poco riesgo
865,20.7044265,-103.316478,Poco riesgo
866,20.6320633,-103.444512,Riesgo moderado
869,20.5653321,-103.4447979,Poco riesgo
870,20.4714469,-103.4437284,Poco riesgo
871,20.6680014,-103.4361618,Riesgo moderado
873,20.5897852,-103.3214499,Riesgo moderado
875,20.6653528,-103.3351827,Poco riesgo
876,20.6532922,-103.3280445,Poco riesgo
877,20.6810411,-103.3392026,Sin riesgo
878,20.605478,-103.3201242,Alto riesgo
879,20.6571977,-103.3804748,Poco riesgo
880,20.6501173,-103.3673071,Poco riesgo
882,20.6370365,-103.3597831,Poco riesgo
883,20.7184425,-103.4484461,Poco riesgo
884,20.6789762,-103.3518842,Sin riesgo
885,20.7130972,-103.4572542,Riesgo moderado
886,20.5292795,-103.34686,Riesgo moderado
888,20.6437053,-103.281023,Poco riesgo
889,20.6998241,-103.3360717,Riesgo moderado
891,20.6626427,-103.2879956,Poco riesgo
893,20.5968093,-103.2495731,Poco riesgo
894,20.703321,-103.28321,Riesgo moderado
895,20.64356,-103.34918,Poco riesgo
896,20.7115976,-103.32448,Riesgo moderado
897,20.7284506,-103.3795206,Poco riesgo
899,20.6755167,-103.3866828,Poco riesgo
902,20.579543,-103.3453082,Riesgo moderado
903,20.6830828,-103.4396612,Riesgo moderado
906,20.6526904,-103.4058586,Sin riesgo
907,20.4651438,"-103.260027,",Alto riesgo
909,20.6792967,-103.2876589,Riesgo moderado
910,20.6219574,-103.3460628,Poco riesgo
911,20.6752213,-103.2739392,Riesgo moderado
912,20.650379,-103.3237091,Poco riesgo
913,20.778884,-103.4770752,Riesgo moderado
914,20.7264794,-103.3391437,Riesgo moderado
915,20.6260545,-103.3703239,Poco riesgo
916,20.6712574,-103.3847806,Poco riesgo
917,20.6486182,-103.4432704,Riesgo moderado
919,20.6582874,-103.2549942,Poco riesgo
920,20.5182662,-103.2421228,Alto riesgo
921,20.6708554,-103.32438,Sin riesgo
922,20.613171,-103.4321522,Riesgo moderado
923,20.717157,-103.4806078,Alto riesgo
924,20.7337812,-103.3646399,Poco riesgo
925,20.608322,-103.430888,Riesgo moderado
926,20.7209346,-103.3191629,Riesgo moderado
927,20.6688833,-103.2343342,Riesgo moderado
928,20.6258844,-103.3065757,Riesgo moderado
929,20.6558201,-103.4529431,Poco riesgo