id,Coordx,Coordy,riesgoNumero,riesgo
1,-103.3549309,20.67133,0.3186217,Poco riesgo
2,-103.3215357,20.6966319,0.5075159,Riesgo moderado
3,-103.2939616,20.5321298,0.89190334,Alto riesgo
4,-103.3806142,20.6467019,0.5949254,Riesgo moderado
5,-103.3784544,20.6631082,0.1862123,Sin riesgo
6,-103.2713246,20.6591569,0.5075159,Riesgo moderado
7,-103.3164157,20.692515,0.57137316,Riesgo moderado
8,-103.3888913,20.6268888,0.47202832,Poco riesgo
9,-103.4563948,20.7135301,0.5903678,Riesgo moderado
10,-103.4584275,20.6479489,0.5894492,Riesgo moderado
12,-103.4583206,20.708548,0.5894492,Riesgo moderado
13,-103.4524107,20.6931241,0.60843706,Riesgo moderado
14,-103.4752174,20.5337176,0.91477054,Alto riesgo
15,-103.3573826,20.6594091,0.33780354,Poco riesgo
16,-103.290369,20.6628693,0.58964086,Riesgo moderado
17,-103.3719344,20.6217024,0.5949254,Riesgo moderado
18,-103.3539881,20.6435303,0.60843706,Riesgo moderado
19,-103.3038164,20.6699891,0.38097894,Poco riesgo
20,-103.3809342,20.6467496,0.6126815,Riesgo moderado
21,-103.3704142,20.6587118,0.47732532,Poco riesgo
22,-103.4511778,20.6507871,0.56674355,Riesgo moderado
23,-103.3640727,20.6547096,0.5075159,Riesgo moderado
24,-103.3541928,20.583591,0.5180121,Riesgo moderado
25,-103.2864152,20.7067316,0.8859756,Alto riesgo
26,-103.4945742,20.485273,0.91477054,Alto riesgo
27,-103.3406612,20.6092836,0.5949254,Riesgo moderado
28,-103.3435538,20.6913889,0.22462326,Sin riesgo
29,-103.4537491,20.6178396,0.42361808,Poco riesgo
30,-103.3690286,20.6359011,0.47770578,Poco riesgo
31,-103.3043907,20.6258225,0.48399043,Poco riesgo
32,-103.2519682,20.663555,0.5075159,Riesgo moderado
33,-103.3543392,20.7142353,0.5894492,Riesgo moderado
34,-103.2851321,20.6317075,0.49788237,Poco riesgo
35,-103.4051591,20.7316189,0.24500042,Sin riesgo
37,-103.3258091,20.653198,0.2892545,Poco riesgo
38,-103.3183616,20.6683833,0.40079868,Poco riesgo
39,-103.296521,20.6885232,0.57137316,Riesgo moderado
40,-103.3066822,20.713581,0.6839911,Riesgo moderado
41,-103.4709054,20.5474196,0.5949304,Riesgo moderado
42,-103.2810756,20.5620818,0.91477054,Alto riesgo
43,-103.2767944,20.6404572,0.49462032,Poco riesgo
44,-103.240285,20.6010889,0.73223114,Riesgo moderado
45,-103.2745567,20.489172,0.91477054,Alto riesgo
46,-103.349033,20.722337,0.39093554,Poco riesgo
47,-103.3001002,20.565386,0.91477054,Alto riesgo
48,-103.2823372,20.622753,0.77814525,Alto riesgo
49,-103.3616244,20.689758,0.24689078,Sin riesgo
50,"-103.360278,",20.7025379,0.2892545,Poco riesgo
51,-103.2415917,20.600637,0.90197,Alto riesgo
52,-103.4168379,20.4549552,0.44382954,Poco riesgo
53,-103.467263,20.636139,0.528862,Riesgo moderado
54,-103.3725072,20.735805,0.91202414,Alto riesgo
55,-103.3564262,20.7322654,0.70691276,Riesgo moderado
56,-103.3519885,20.6485584,0.5949254,Riesgo moderado
57,-103.3385603,20.7225416,0.49049532,Poco riesgo
58,-103.4047787,20.7318124,0.6283548,Riesgo moderado
59,-103.4046784,20.7316464,0.6761447,Riesgo moderado
60,-103.2768717,20.6641023,0.5894492,Riesgo moderado
61,-103.3004492,20.536998,0.8859756,Alto riesgo
62,-103.353747,20.6801167,0.28547513,Poco riesgo
63,-103.3318129,20.6940059,0.47770578,Poco riesgo
65,-103.4407851,20.4700547,0.49049532,Poco riesgo
66,-103.31722,20.72075,0.8797684,Alto riesgo
67,-103.3110491,20.6661698,0.5949254,Riesgo moderado
68,-103.3916502,20.517816,0.5180121,Riesgo moderado
69,-103.4151702,20.6244739,0.5894492,Riesgo moderado
70,-103.3694496,20.6541271,0.5387296,Riesgo moderado
71,-103.3049544,20.6258759,0.39983922,Poco riesgo
72,-103.39527,20.6215412,0.40936977,Poco riesgo
73,-103.4423092,20.6431845,0.7669841,Alto riesgo
74,-103.2348561,20.6524649,0.5180121,Riesgo moderado
75,-103.2166791,20.577278,0.8961156,Alto riesgo
76,"-103.310104,",20.6466723,0.4241597,Poco riesgo
77,-103.3322499,20.5849772,0.88640517,Alto riesgo
78,-103.4311958,20.7588489,0.31017524,Poco riesgo
79,-103.4723762,20.636272,0.49049532,Poco riesgo
80,-103.274309,20.590223,0.51731455,Riesgo moderado
81,-103.3169647,20.6391999,0.3640011,Poco riesgo
82,-103.2879092,20.592777,0.9327632,Alto riesgo
84,-103.4565117,20.6511645,0.5894492,Riesgo moderado
85,-103.4323818,20.5990039,0.51731455,Riesgo moderado
86,-103.3709368,20.6737255,0.31929773,Poco riesgo
87,-103.2871127,20.6447868,0.49462032,Poco riesgo
88,-103.3691127,20.560344,0.48892993,Poco riesgo
89,-103.3552147,20.6726477,0.09195459,Sin riesgo
90,-103.3156137,20.6906242,0.49462032,Poco riesgo
91,-103.3705316,20.6297745,0.34294385,Poco riesgo
92,-103.2368606,20.6526931,0.47770578,Poco riesgo
93,-103.2451482,20.614649,0.5180121,Riesgo moderado
94,-103.4029186,20.6281287,0.47770578,Poco riesgo
95,-103.2955512,20.562935,0.91477054,Alto riesgo
96,-103.5060724,20.7998417,0.5180121,Riesgo moderado
97,-103.3787218,20.7380937,0.8348595,Alto riesgo
98,-103.3737734,20.6735678,0.33823985,Poco riesgo
99,-103.3339741,20.6676763,0.25451088,Poco riesgo
100,-103.3571706,20.6568626,0.5894492,Riesgo moderado
101,-103.4071491,20.530454,0.50838506,Riesgo moderado
102,-103.3439448,20.7399079,0.91477054,Alto riesgo
104,"-103.311924,",20.6807865,0.3365221,Poco riesgo
105,-103.4537768,20.7310821,0.47770578,Poco riesgo
106,-103.3348022,20.6994503,0.6126815,Riesgo moderado
107,-103.3356087,20.6794587,0.28547513,Poco riesgo
108,-103.2434868,20.6267774,0.5119778,Riesgo moderado
109,-103.2347405,20.6689961,0.8082502,Alto riesgo
111,"-103.303624,",20.6429463,0.4241597,Poco riesgo
112,-103.3005748,20.6967754,0.57137316,Riesgo moderado
113,-103.3259251,20.6352592,0.47770578,Poco riesgo
114,-103.4978657,20.483554,0.91477054,Alto riesgo
115,-103.2914086,20.6847856,0.49049532,Poco riesgo
116,-103.3341595,20.6663525,0.2598033,Poco riesgo
117,-103.3890657,20.7093248,0.57137316,Riesgo moderado
118,"-103.332438,",20.6509746,0.31761646,Poco riesgo
119,"-103.350133,",20.6286346,0.5949254,Riesgo moderado
120,-103.3215787,20.7375387,0.51731455,Riesgo moderado
121,-103.3370365,20.7255023,0.8082502,Alto riesgo
122,-103.35767,20.576805,0.70691276,Riesgo moderado
123,-103.3188846,20.614507,0.7669841,Alto riesgo
124,-103.2848657,20.6446146,0.47770578,Poco riesgo
125,-103.3405753,20.6092875,0.5949254,Riesgo moderado
126,-103.3654329,20.6971178,0.31761646,Poco riesgo
127,-103.4370352,20.6313189,0.18596476,Sin riesgo
128,-103.283664,20.592811,0.9327632,Alto riesgo
130,-103.2217673,20.6523825,0.5180121,Riesgo moderado
131,-103.3709199,20.7276695,0.5180121,Riesgo moderado
132,-103.4606009,20.6298149,0.5180121,Riesgo moderado
134,-103.3938532,20.697506,0.48892993,Poco riesgo
135,-103.3405585,20.6793828,0.39076346,Poco riesgo
137,-103.352115,20.641932,0.65962225,Riesgo moderado
138,-103.4458201,20.6301211,0.57137316,Riesgo moderado
139,-103.3023406,20.6754402,0.3814925,Poco riesgo
140,-103.455583,20.693273,0.8961156,Alto riesgo
141,-103.3440653,20.6171187,0.47770578,Poco riesgo
142,-103.5020212,20.480781,0.91477054,Alto riesgo
143,-103.265658,20.588703,0.30305374,Poco riesgo
144,-103.327006,20.609037,0.91202414,Alto riesgo
145,-103.390994,20.666406,0.41165638,Poco riesgo
146,-103.375139,20.712306,0.7328187,Riesgo moderado
147,-103.441173,20.758569,0.5180121,Riesgo moderado
148,-103.2678632,20.475415,0.91477054,Alto riesgo
149,"-103.355071,",20.6965182,0.25603294,Poco riesgo
150,-103.4382889,20.5969362,0.76221013,Alto riesgo
151,-103.337167,20.605056,0.5324201,Riesgo moderado
153,-103.387444,20.740139,0.6043918,Riesgo moderado
155,-103.2976608,20.66650772,0.5075159,Riesgo moderado
156,-103.3486085,20.7044818,0.3130396,Poco riesgo
157,-103.2612381,20.64753342,0.46014816,Poco riesgo
158,-103.3186646,20.68159103,0.49049532,Poco riesgo
159,"-103.369443,",20.6839064,0.34882426,Poco riesgo
161,-103.3495865,20.67280388,0.15861267,Sin riesgo
162,-103.38327,20.588083,0.70691276,Riesgo moderado
163,-103.323494,20.70370674,0.49462032,Poco riesgo
164,-103.4069672,20.62952423,0.49462032,Poco riesgo
165,-103.3330307,20.66524506,0.3567915,Poco riesgo
166,-103.3098602,20.69374847,0.42998284,Poco riesgo
169,-103.409173,20.641287,0.31194776,Poco riesgo
170,-103.2776489,20.65996361,0.5949254,Riesgo moderado
171,-103.3652344,20.56864738,0.47202832,Poco riesgo
172,-103.4608459,20.6276989,0.5894492,Riesgo moderado
173,-103.3068771,20.66896629,0.39093554,Poco riesgo
174,-103.4228973,20.67248344,0.57137316,Riesgo moderado
175,-103.295623,20.673968,0.57137316,Riesgo moderado
176,-103.4606734,20.6271458,0.5484336,Riesgo moderado
177,-103.455246,20.62933159,0.49788237,Poco riesgo
178,-103.3045502,20.65958405,0.45788687,Poco riesgo
179,-103.3596115,20.70246506,0.1862123,Sin riesgo
180,-103.3671112,20.68489265,0.39076346,Poco riesgo
181,-103.2481308,20.61882591,0.2342223,Sin riesgo
182,-103.3335648,20.67231369,0.30290073,Poco riesgo
183,-103.3551712,20.63059998,0.49462032,Poco riesgo
184,-103.3637293,20.641565,0.47770578,Poco riesgo
185,-103.3472404,20.67379631,0.30290073,Poco riesgo
186,-103.3538208,20.71927261,0.16393393,Sin riesgo
187,-103.3455963,20.7185955,0.91202414,Alto riesgo
188,-103.3453754,20.7180709,0.5913618,Riesgo moderado
189,-103.2482681,20.6793499,0.46014816,Poco riesgo
190,-103.43288,20.64132,0.49462032,Poco riesgo
191,-103.4282501,20.5554006,0.944692,Alto riesgo
192,-103.566876,20.728692,0.91477054,Alto riesgo
193,-103.3411927,20.72685653,0.7669841,Alto riesgo
194,-103.4476471,20.65880966,0.52006197,Riesgo moderado
195,-103.3325653,20.70240402,0.49049532,Poco riesgo
196,-103.4502945,20.66607857,0.765377,Alto riesgo
197,-103.3510361,20.65722656,0.2892545,Poco riesgo
199,-103.4020532,20.7280023,0.5324201,Riesgo moderado
200,-103.3240051,20.68318367,0.302122,Poco riesgo
201,-103.4009552,20.72800255,0.5324201,Riesgo moderado
202,-103.3506775,20.67277908,0.18484503,Sin riesgo
203,-103.4312592,20.66270447,0.5180121,Riesgo moderado
204,-103.3345337,20.68212128,0.30290073,Poco riesgo
205,-103.2318268,20.67612076,0.44382954,Poco riesgo
206,-103.4401398,20.71002579,0.015001,Sin riesgo
207,-103.28508,20.59001541,0.5387296,Riesgo moderado
208,-103.3246307,20.66426086,0.248752,Sin riesgo
209,-103.3034515,20.67591286,0.4118908,Poco riesgo
210,-103.3642807,20.6716938,0.09578663,Sin riesgo
211,-103.246964,20.622379,0.08711678,Sin riesgo
212,-103.3870952,20.629382,0.49462032,Poco riesgo
213,-103.3055209,20.6647719,0.40079868,Poco riesgo
214,-103.3332825,20.69872475,0.5949254,Riesgo moderado
216,-103.4003983,20.64975357,0.40036815,Poco riesgo
217,-103.3593521,20.67811584,0.31761646,Poco riesgo
218,-103.3524475,20.62159348,0.51731455,Riesgo moderado
219,-103.3636246,20.68687439,0.04356974,Sin riesgo
221,-103.3296814,20.59473038,0.44382954,Poco riesgo
222,-103.33219,20.584494,0.36643708,Poco riesgo
223,-103.3669128,20.65041733,0.39983922,Poco riesgo
225,-103.4269791,20.6882019,0.49663818,Poco riesgo
226,-103.3462524,20.67051315,0.27674592,Poco riesgo
227,-103.3377228,20.60628128,0.518064,Riesgo moderado
228,-103.437355,20.62371635,0.49462032,Poco riesgo
229,-103.299444,20.645389,0.3640011,Poco riesgo
230,-103.3602142,20.62887383,0.30305374,Poco riesgo
231,-103.3347092,20.5988884,0.49049532,Poco riesgo
233,-103.2810059,20.66423607,0.6126815,Riesgo moderado
234,-103.324501,20.72299576,0.49049532,Poco riesgo
235,-103.3771744,20.62438393,0.12043965,Sin riesgo
236,-103.3211517,20.64693451,0.31761646,Poco riesgo
237,-103.4591241,20.7130126,0.57137316,Riesgo moderado
238,-103.44742,20.744482,0.5903678,Riesgo moderado
239,-103.447796,20.743657,0.5894492,Riesgo moderado
240,-103.3679256,20.6322395,0.5894492,Riesgo moderado
241,-103.4194641,20.74332237,0.5075159,Riesgo moderado
242,-103.3091125,20.67419624,0.39093554,Poco riesgo
243,-103.429312,20.632024,0.57137316,Riesgo moderado
244,-103.3660431,20.66988182,0.39076346,Poco riesgo
245,-103.3097687,20.66640663,0.5275781,Riesgo moderado
246,-103.3650818,20.67610359,0.28547513,Poco riesgo
247,-103.4227066,20.62129593,0.31194776,Poco riesgo
248,-103.3880005,20.67326546,0.16725868,Sin riesgo
249,-103.2624435,20.62907028,0.49462032,Poco riesgo
250,-103.3903656,20.6795063,0.4241597,Poco riesgo
251,-103.4233398,20.73429108,0.5894492,Riesgo moderado
252,-103.4609528,20.64211464,0.5075159,Riesgo moderado
253,-103.3165891,20.5752694,0.89190334,Alto riesgo
254,-103.4550041,20.4812712,0.5690106,Riesgo moderado
256,-103.2743988,20.59361649,0.51731455,Riesgo moderado
257,-103.3098602,20.69374847,0.518064,Riesgo moderado
259,-103.355835,20.7422657,0.57137316,Riesgo moderado
260,-103.3883057,20.70973778,0.57137316,Riesgo moderado
261,-103.3990402,20.65082169,0.3968233,Poco riesgo
262,-103.3829041,20.64947891,0.5894492,Riesgo moderado
264,-103.4273029,20.8532469,0.30305374,Poco riesgo
265,-103.3557587,20.5727787,0.49049532,Poco riesgo
266,-103.3529205,20.69418526,0.22206217,Sin riesgo
268,-103.3806458,20.67948723,0.4241597,Poco riesgo
269,-103.3786087,20.6893158,0.22462326,Sin riesgo
270,-103.4524002,20.69915962,0.52006197,Riesgo moderado
271,-103.2773438,20.66048241,0.6126815,Riesgo moderado
272,-103.3153687,20.60870171,0.51731455,Riesgo moderado
275,-103.3810043,20.63205147,0.47770578,Poco riesgo
276,-103.308075,20.68908691,0.42864102,Poco riesgo
277,-103.3076477,20.64195442,0.22206217,Sin riesgo
279,-103.2994919,20.69570923,0.2302984,Sin riesgo
280,-103.3607635,20.69334221,0.41179723,Poco riesgo
281,-103.435379,20.68173027,0.31017524,Poco riesgo
282,-103.3163376,20.64968109,0.2076214,Sin riesgo
283,-103.3406601,20.60936356,0.5949254,Riesgo moderado
284,-103.3761826,20.70283127,0.47770578,Poco riesgo
286,-103.306104,20.648629,0.31761646,Poco riesgo
287,-103.4061661,20.64614868,0.56949973,Riesgo moderado
288,-103.3175583,20.65563393,0.25440973,Poco riesgo
289,-103.415329,20.6918354,0.47770578,Poco riesgo
291,-103.3400989,20.6502276,0.6126815,Riesgo moderado
292,-103.3474503,20.7035923,0.3534099,Poco riesgo
293,-103.454044,20.555522,0.5075159,Riesgo moderado
294,-103.3637161,20.66218758,0.24550301,Sin riesgo
295,-103.3676758,20.63219261,0.5894492,Riesgo moderado
296,-103.3550186,20.69934464,0.3567915,Poco riesgo
297,-103.4526291,20.766819,0.2302984,Sin riesgo
298,-103.2768707,20.60447884,0.51731455,Riesgo moderado
299,-103.3593597,20.67034149,0.3567915,Poco riesgo
300,-103.4413452,20.63021851,0.31194776,Poco riesgo
301,-103.4189529,20.72478676,0.77927846,Alto riesgo
302,-103.3607539,20.6624771,0.47275573,Poco riesgo
303,-103.4107437,20.62729073,0.47770578,Poco riesgo
304,-103.3983994,20.74594116,0.47770578,Poco riesgo
305,-103.2864914,20.59971619,0.34294385,Poco riesgo
306,-103.3238373,20.62727165,0.23383492,Sin riesgo
307,-103.4526987,20.6694789,0.8859756,Alto riesgo
308,-103.2943344,20.68035126,0.47770578,Poco riesgo
309,-103.3726425,20.65613747,0.5119778,Riesgo moderado
310,-103.3177338,20.66382599,0.24641341,Sin riesgo
311,-103.4513092,20.61774635,0.5894492,Riesgo moderado
312,-103.2727509,20.68844986,0.49049532,Poco riesgo
313,-103.4577179,20.6486187,0.6126815,Riesgo moderado
314,-103.3846817,20.64454651,0.49462032,Poco riesgo
315,-103.3538208,20.71927261,0.16393393,Sin riesgo
316,-103.2918445,20.6629847,0.49461085,Poco riesgo
317,-103.3329926,20.58906174,0.30305374,Poco riesgo
318,-103.3694505,20.679276,0.31929773,Poco riesgo
320,-103.3516464,20.67141151,0.19537717,Sin riesgo
321,-103.3720627,20.66534805,0.24446678,Sin riesgo
322,-103.3625031,20.7337513,0.27544862,Poco riesgo
323,-103.2760468,20.66856384,0.5180121,Riesgo moderado
324,-103.2522442,20.525013,0.91477054,Alto riesgo
325,-103.3538818,20.74462128,0.49049532,Poco riesgo
326,-103.3008041,20.65535164,0.57137316,Riesgo moderado
327,-103.2455292,20.62725067,0.57137316,Riesgo moderado
328,-103.2893448,20.66417122,0.2458846,Sin riesgo
329,-103.4312286,20.66966248,0.5075159,Riesgo moderado
330,-103.3763046,20.62420273,0.6126815,Riesgo moderado
331,-103.3404083,20.68199539,0.06495267,Sin riesgo
332,-103.4270401,20.67337036,0.5180121,Riesgo moderado
333,-103.3428639,20.6683444,0.28547513,Poco riesgo
334,-103.283783,20.68387604,0.49049532,Poco riesgo
335,-103.2786789,20.6529026,0.65788686,Riesgo moderado
336,-103.2557449,20.62694168,0.47770578,Poco riesgo
337,-103.3153229,20.67378426,0.39093554,Poco riesgo
338,-103.3637009,20.68483162,0.12688553,Sin riesgo
339,-103.2420289,20.4957771,0.91477054,Alto riesgo
340,-103.3327103,20.66248512,0.39680982,Poco riesgo
342,-103.2699814,20.64919472,0.5180121,Riesgo moderado
343,-103.3395462,20.63952637,0.5180121,Riesgo moderado
344,-103.3740311,20.71342659,0.2598033,Poco riesgo
345,-103.3013819,20.6553983,0.5894492,Riesgo moderado
346,-103.3259577,20.59567,0.89190334,Alto riesgo
347,-103.2976462,20.535263,0.82162225,Alto riesgo
348,-103.4337769,20.62541962,0.323148,Poco riesgo
349,-103.371582,20.67136574,0.14784938,Sin riesgo
351,-103.4629211,20.78166962,0.58236384,Riesgo moderado
352,-103.3560257,20.65926743,0.41165638,Poco riesgo
353,-103.4306183,20.67278481,0.5180121,Riesgo moderado
354,-103.4488678,20.62972832,0.3968233,Poco riesgo
355,-103.3322449,20.58480263,0.08397859,Sin riesgo
356,-103.3234863,20.68539238,0.31761646,Poco riesgo
357,-103.3575401,20.676123,0.28547513,Poco riesgo
358,-103.3434219,20.65293121,0.12136507,Sin riesgo
359,-103.3137223,20.6578202,0.34294385,Poco riesgo
360,-103.4349672,20.6166622,0.51731455,Riesgo moderado
361,-103.4383767,20.7635297,0.7904038,Alto riesgo
362,-103.3043618,20.6258522,0.3534832,Poco riesgo
363,-103.3004074,20.69367981,0.45788687,Poco riesgo
364,-103.368103,20.7357235,0.06440502,Sin riesgo
365,-103.3497162,20.64326859,0.518064,Riesgo moderado
366,-103.3938141,20.63546562,0.5180121,Riesgo moderado
367,-103.2456207,20.62727547,0.3968233,Poco riesgo
368,-103.3746373,20.6667586,0.4241597,Poco riesgo
369,-103.3151932,20.72730255,0.47770578,Poco riesgo
370,-103.3910141,20.66643143,0.41165638,Poco riesgo
371,-103.355072,20.7070961,0.31761646,Poco riesgo
372,-103.2967987,20.71122932,0.5075159,Riesgo moderado
373,-103.3063049,20.6909256,0.5894492,Riesgo moderado
374,-103.3666534,20.73561668,0.18596476,Sin riesgo
375,-103.3688812,20.67888832,0.3567915,Poco riesgo
376,-103.4729767,20.54269791,0.815013,Alto riesgo
377,-103.364563,20.74044609,0.5075159,Riesgo moderado
378,-103.3601303,20.54199028,0.5180121,Riesgo moderado
379,-103.3689804,20.72258759,0.5180121,Riesgo moderado
380,-103.357605,20.50803375,0.46014816,Poco riesgo
382,-103.3232422,20.69380569,0.47770578,Poco riesgo
383,-103.4097366,20.66861725,0.31761646,Poco riesgo
384,-103.419014,20.72473145,0.18596476,Sin riesgo
385,-103.2724991,20.64844322,0.46014816,Poco riesgo
386,-103.3915176,20.65515709,0.16725868,Sin riesgo
388,-103.2508087,20.65890884,0.5894492,Riesgo moderado
389,-103.3280411,20.60803032,0.65361786,Riesgo moderado
390,-103.4373627,20.5990448,0.6849017,Riesgo moderado
391,-103.2394104,20.60116959,0.87498575,Alto riesgo
392,-103.2642822,20.6858387,0.46014816,Poco riesgo
393,-103.3527674,20.6572816,0.2892545,Poco riesgo
394,-103.3523712,20.67724037,0.03999764,Sin riesgo
395,-103.3695526,20.72619438,0.53947556,Riesgo moderado
396,-103.2621307,20.68457413,0.518064,Riesgo moderado
397,-103.3787613,20.63098717,0.5119778,Riesgo moderado
399,,,0.91477054,Alto riesgo
400,-103.4001436,20.5968377,0.7084824,Riesgo moderado
401,-103.4032592,20.6248173,0.5387296,Riesgo moderado
403,-103.311142,20.69176865,0.31017524,Poco riesgo
404,-103.373909,20.62374687,0.53600955,Riesgo moderado
405,-103.2476472,20.438574,0.91477054,Alto riesgo
406,-103.4278256,20.5557143,0.7621714,Alto riesgo
407,-103.4235992,20.67331696,0.13296813,Sin riesgo
408,-103.4455551,20.4734592,0.5119778,Riesgo moderado
409,-103.3638306,20.57391548,0.47770578,Poco riesgo
410,-103.3799744,20.67561722,0.22145611,Sin riesgo
411,-103.3082657,20.72208786,0.518064,Riesgo moderado
412,-103.3070823,20.7218574,0.518064,Riesgo moderado
413,-103.4360886,20.63075829,0.18596476,Sin riesgo
415,-103.409729,20.73337364,0.323148,Poco riesgo
416,-103.3548355,20.71327209,0.11054534,Sin riesgo
417,-103.4530106,20.71201515,0.46014816,Poco riesgo
418,-103.3669128,20.65041733,0.11287874,Sin riesgo
419,-103.347023,20.62309456,0.57137316,Riesgo moderado
420,-103.3296967,20.64616394,0.5119778,Riesgo moderado
422,-103.2758026,20.65977287,0.41814625,Poco riesgo
423,-103.3672028,20.67234039,0.44025385,Poco riesgo
424,-103.3153,20.69260406,0.57137316,Riesgo moderado
425,-103.2481308,20.61882591,0.3968233,Poco riesgo
426,-103.359375,20.67167473,0.14122814,Sin riesgo
427,-103.3708038,20.68502808,0.39076346,Poco riesgo
428,-103.2908968,20.5264853,0.89688003,Alto riesgo
429,-103.3239136,20.70812988,0.47770578,Poco riesgo
430,-103.3120651,20.6773777,0.33364236,Poco riesgo
431,-103.3819199,20.68258476,0.4241597,Poco riesgo
432,-103.261261,20.67692375,0.5075159,Riesgo moderado
433,-103.310463,20.68942833,0.38097894,Poco riesgo
434,-103.3397153,20.5813545,0.29950356,Poco riesgo
435,-103.3557892,20.74369049,0.518064,Riesgo moderado
436,-103.4047546,20.7317791,0.3962379,Poco riesgo
438,-103.3347092,20.67949295,0.28547513,Poco riesgo
439,-103.352272,20.68185234,0.15861267,Sin riesgo
440,-103.3892599,20.7407909,0.24175793,Sin riesgo
441,-103.4511261,20.76652527,0.518064,Riesgo moderado
442,-103.2766647,20.66537285,0.51390386,Riesgo moderado
443,-103.3466034,20.67731285,0.4450518,Poco riesgo
444,-103.3428116,20.61523628,0.49462032,Poco riesgo
445,-103.4488678,20.62972832,0.3968233,Poco riesgo
446,-103.3970566,20.73345947,0.25440973,Poco riesgo
447,-103.3450699,20.7215023,0.09409565,Sin riesgo
448,-103.2807007,20.66594887,0.5894492,Riesgo moderado
449,-103.3648224,20.6388855,0.5075159,Riesgo moderado
450,-103.4213791,20.66271019,0.47770578,Poco riesgo
451,-103.4706392,20.5475323,0.5949304,Riesgo moderado
452,-103.4773262,20.547442,0.7084824,Riesgo moderado
453,-103.354805,20.67718506,0.05950928,Sin riesgo
454,-103.3597946,20.62120628,0.44389653,Poco riesgo
455,-103.2898254,20.62271118,0.7669841,Alto riesgo
456,-103.3716812,20.62247849,0.6126815,Riesgo moderado
457,-103.3738541,20.6227853,0.53600955,Riesgo moderado
458,-103.5311687,20.729089,0.91477054,Alto riesgo
459,-103.3106766,20.70957375,0.5075159,Riesgo moderado
460,-103.3718719,20.6579628,0.53947556,Riesgo moderado
461,-103.2940979,20.70713425,0.46014816,Poco riesgo
462,-103.3359756,20.65052032,0.31761646,Poco riesgo
463,-103.4426309,20.5696737,0.49462032,Poco riesgo
464,-103.274231,20.65874863,0.32178706,Poco riesgo
465,-103.4350163,20.453042,0.91477054,Alto riesgo
467,-103.2887573,20.67943382,0.5324201,Riesgo moderado
468,-103.4526825,20.6407032,0.45788687,Poco riesgo
469,-103.3868103,20.59171486,0.43626875,Poco riesgo
470,-103.4649175,20.54394779,0.57137316,Riesgo moderado
471,-103.3049164,20.67177391,0.40079868,Poco riesgo
472,-103.239006,20.59152603,0.5180121,Riesgo moderado
473,-103.3901443,20.66246223,0.25440973,Poco riesgo
474,-103.3330231,20.64590454,0.49462032,Poco riesgo
475,-103.3625031,20.7337513,0.52675277,Riesgo moderado
476,-103.3313675,20.67874146,0.39076346,Poco riesgo
478,-103.2417984,20.59327888,0.51731455,Riesgo moderado
479,-103.4275061,20.5336588,0.5387296,Riesgo moderado
480,-103.3417664,20.65077209,0.5685224,Riesgo moderado
481,-103.3391037,20.68315125,0.12688553,Sin riesgo
482,-103.286087,20.67385292,0.29425406,Poco riesgo
483,-103.437706,20.76301575,0.43708897,Poco riesgo
484,-103.4688255,20.5582179,0.47770578,Poco riesgo
485,-103.2402417,20.683602,0.8859756,Alto riesgo
486,-103.3152313,20.66807747,0.40079868,Poco riesgo
487,-103.4394932,20.5713133,0.44389653,Poco riesgo
488,-103.3829041,20.64947891,0.5894492,Riesgo moderado
490,-103.2457512,20.6844493,0.52006197,Riesgo moderado
491,-103.3979497,20.5075402,0.8886082,Alto riesgo
492,-103.404213,20.53791237,0.56839436,Riesgo moderado
493,-103.2980499,20.61911964,0.49049532,Poco riesgo
494,-103.3531036,20.66088295,0.3640011,Poco riesgo
495,-103.2569515,20.4648257,0.91477054,Alto riesgo
496,-103.2718287,20.6089574,0.91477054,Alto riesgo
497,-103.3713482,20.6973193,0.27674592,Poco riesgo
498,-103.444252,20.7680912,0.2919451,Poco riesgo
499,-103.371933,20.63588142,0.30305374,Poco riesgo
500,-103.3644104,20.74343872,0.5075159,Riesgo moderado
501,-103.3715769,20.6705536,0.1832208,Sin riesgo
502,-103.3217545,20.59061432,0.7964578,Alto riesgo
503,-103.4232178,20.65831184,0.47770578,Poco riesgo
504,-103.3452988,20.72140312,0.22347987,Sin riesgo
506,-103.4771881,20.79560661,0.2919451,Poco riesgo
507,-103.3213272,20.71292877,0.47770578,Poco riesgo
508,-103.4373627,20.5990448,0.37975532,Poco riesgo
509,-103.3519974,20.7311306,0.18596476,Sin riesgo
510,-103.2968903,20.690485,0.49049532,Poco riesgo
511,-103.4485855,20.69560623,0.19818127,Sin riesgo
512,-103.3214499,20.5897852,0.7964578,Alto riesgo
513,-103.3196487,20.68837547,0.57137316,Riesgo moderado
514,-103.3101196,20.66538811,0.34524435,Poco riesgo
515,-103.4007999,20.6183324,0.30305374,Poco riesgo
516,-103.2957764,20.70570946,0.46014816,Poco riesgo
517,-103.3625412,20.57775307,0.323148,Poco riesgo
518,-103.3427124,20.66987419,0.06434399,Sin riesgo
519,-103.4217727,20.7316099,0.5180121,Riesgo moderado
520,-103.431114,20.589315,0.49049532,Poco riesgo
521,-103.3699417,20.52993774,0.51731455,Riesgo moderado
522,-103.4598236,20.70366478,0.5894492,Riesgo moderado
523,-103.3939133,20.7315464,0.16725868,Sin riesgo
524,-103.4161987,20.64039421,0.31194776,Poco riesgo
525,-103.35466,20.67490578,0.05950928,Sin riesgo
527,-103.3864097,20.753126,0.31017524,Poco riesgo
528,-103.4392014,20.65865326,0.47770578,Poco riesgo
529,-103.4669571,20.63513756,0.42104834,Poco riesgo
530,-103.2905762,20.5255062,0.9077474,Alto riesgo
531,-103.4659119,20.63594818,0.42104834,Poco riesgo
532,-103.3067169,20.64443016,0.46886164,Poco riesgo
533,-103.3287659,20.65204239,0.2892545,Poco riesgo
534,-103.3455582,20.72133636,0.17917252,Sin riesgo
535,-103.2948803,20.5300036,0.89190334,Alto riesgo
537,-103.2905762,20.5255062,0.9077474,Alto riesgo
538,-103.4711852,20.5470065,0.5126771,Riesgo moderado
540,-103.3529968,20.64794731,0.6126815,Riesgo moderado
542,-103.399353,20.64254379,0.5180121,Riesgo moderado
543,-103.4286499,20.72997665,0.56674355,Riesgo moderado
544,-103.3785858,20.67928505,0.36555088,Poco riesgo
545,-103.4269638,20.61478424,0.8961156,Alto riesgo
546,-103.2616425,20.68589973,0.518064,Riesgo moderado
547,-103.1678312,20.572195,0.91477054,Alto riesgo
548,-103.3009567,20.67512894,0.42104834,Poco riesgo
549,-103.442858,20.648447,0.91202414,Alto riesgo
550,-103.4598334,20.7032559,0.5894492,Riesgo moderado
551,-103.3403931,20.68313408,0.12688553,Sin riesgo
552,-103.3614144,20.5471296,0.47770578,Poco riesgo
553,-103.362999,20.68196869,0.39076346,Poco riesgo
554,-103.2811127,20.66338539,0.5894492,Riesgo moderado
555,-103.3642044,20.74823189,0.49049532,Poco riesgo
557,-103.3526611,20.69799232,0.39680982,Poco riesgo
558,-103.3090439,20.61732864,0.5075159,Riesgo moderado
559,-103.3879395,20.642416,0.5180121,Riesgo moderado
560,-103.3768768,20.63028145,0.39093554,Poco riesgo
561,-103.4647293,20.62541389,0.49788237,Poco riesgo
562,-103.3571032,20.6414921,0.51731455,Riesgo moderado
563,-103.3655427,20.7221467,0.5387296,Riesgo moderado
564,-103.3548508,20.67412758,0.04238522,Sin riesgo
565,-103.4061661,20.64614868,0.55782104,Riesgo moderado
566,-103.3115234,20.65837288,0.39093554,Poco riesgo
567,-103.4466782,20.76983643,0.05325121,Sin riesgo
569,-103.373818,20.7369285,0.41476405,Poco riesgo
570,-103.3870926,20.72523308,0.16725868,Sin riesgo
571,-103.3483875,20.629086,0.5894492,Riesgo moderado
572,-103.4236908,20.73508453,0.5894492,Riesgo moderado
573,-103.3178024,20.66069221,0.38097894,Poco riesgo
574,-103.3461227,20.6291008,0.30305374,Poco riesgo
575,-103.371727,20.67904854,0.36555088,Poco riesgo
576,-103.3540497,20.69888115,0.33338183,Poco riesgo
577,-103.4396561,20.7609254,0.31194776,Poco riesgo
578,-103.3866086,20.5920722,0.91202414,Alto riesgo
579,-103.3466034,20.67731285,0.22130245,Sin riesgo
580,-103.4642192,20.5446633,0.21339375,Sin riesgo
581,-103.375689,20.6240259,0.53600955,Riesgo moderado
582,-103.3538208,20.71927261,0.16393393,Sin riesgo
583,-103.4407501,20.64361191,0.42998284,Poco riesgo
584,-103.447319,20.63977432,0.47770578,Poco riesgo
585,-103.4602737,20.64506912,0.11676568,Sin riesgo
586,-103.403053,20.648224,0.5180121,Riesgo moderado
587,-103.2911301,20.66720963,0.51731455,Riesgo moderado
588,-103.3659296,20.6642733,0.07229638,Sin riesgo
589,-103.3465424,20.68985367,0.39076346,Poco riesgo
590,-103.3517704,20.7067349,0.31761646,Poco riesgo
591,-103.2723541,20.69175339,0.51731455,Riesgo moderado
592,-103.4169998,20.55851364,0.7084824,Riesgo moderado
593,-103.3122482,20.6464386,0.46886164,Poco riesgo
594,-103.3551025,20.69615364,0.4241597,Poco riesgo
595,-103.3522568,20.68276024,0.18484503,Sin riesgo
596,-103.346138,20.71412468,0.3968233,Poco riesgo
597,-103.3715213,20.7002455,0.34294385,Poco riesgo
598,-103.411644,20.73101807,0.04062897,Sin riesgo
600,-103.4583206,20.70864296,0.5894492,Riesgo moderado
602,-103.4330327,20.4640569,0.51731455,Riesgo moderado
603,-103.3003693,20.66679382,0.49049532,Poco riesgo
604,-103.3127747,20.56100082,0.49049532,Poco riesgo
605,"-103.315795,",20.6446286,0.3640011,Poco riesgo
606,-103.4516392,20.6176973,0.33819735,Poco riesgo
607,-103.371582,20.67136574,0.14784938,Sin riesgo
608,-103.3503876,20.67946243,0.19537717,Sin riesgo
609,-103.3739243,20.62227631,0.32760668,Poco riesgo
610,-103.3283844,20.66835403,0.302122,Poco riesgo
611,-103.4155884,20.62308693,0.57137316,Riesgo moderado
612,-103.4565125,20.64966011,0.5949254,Riesgo moderado
613,-103.411362,20.743734,0.43834013,Poco riesgo
614,-103.3302231,20.62648964,0.1770075,Sin riesgo
615,-103.4341736,20.75853348,0.5180121,Riesgo moderado
616,-103.3539658,20.68277359,0.09195459,Sin riesgo
617,-103.455627,20.717493,0.47202832,Poco riesgo
618,-103.2833862,20.61052895,0.49049532,Poco riesgo
619,-103.4441173,20.7303512,0.5180121,Riesgo moderado
621,-103.3844281,20.7060569,0.49049532,Poco riesgo
622,-103.2785339,20.6883812,0.45788687,Poco riesgo
623,-103.3532104,20.65039444,0.47770578,Poco riesgo
624,-103.2948303,20.68873978,0.57137316,Riesgo moderado
625,-103.3938828,20.73140526,0.07975674,Sin riesgo
626,-103.4150085,20.63545227,0.3989805,Poco riesgo
627,-103.3327408,20.69846344,0.5894492,Riesgo moderado
628,-103.3963318,20.61320877,0.47770578,Poco riesgo
629,-103.2698898,20.65761566,0.57137316,Riesgo moderado
630,-103.447151,20.745565,0.5484336,Riesgo moderado
632,-103.3546982,20.67218399,0.31929773,Poco riesgo
635,-103.3651276,20.63015175,0.49049532,Poco riesgo
636,-103.446678,20.766653,0.49049532,Poco riesgo
637,-103.3463659,20.6543094,0.31761646,Poco riesgo
638,-103.3857346,20.65824318,0.31761646,Poco riesgo
639,-103.2637634,20.69003487,0.52006197,Riesgo moderado
640,-103.335289,20.66722488,0.3567915,Poco riesgo
641,-103.3935181,20.7398793,0.39116013,Poco riesgo
643,"-103.314446,",20.6464483,0.46886164,Poco riesgo
644,-103.2856293,20.61663246,0.06118447,Sin riesgo
645,-103.4687347,20.63352966,0.51731455,Riesgo moderado
646,-103.3763324,20.7125652,0.7328187,Riesgo moderado
647,-103.3765793,20.71332169,0.16512495,Sin riesgo
648,-103.3548203,20.67634201,0.22702652,Sin riesgo
649,-103.3583298,20.56100464,0.51731455,Riesgo moderado
650,-103.3370743,20.72545815,0.67902946,Riesgo moderado
651,-103.327919,20.66426468,0.18484503,Sin riesgo
652,-103.3620148,20.6868248,0.28547513,Poco riesgo
653,-103.3370743,20.72545815,0.67902946,Riesgo moderado
655,-103.2322083,20.5990448,0.91477054,Alto riesgo
656,-103.4245605,20.68377113,0.42361808,Poco riesgo
657,-103.3139877,20.69924164,0.39093554,Poco riesgo
660,-103.3340312,20.5472405,0.5894492,Riesgo moderado
661,-103.3339767,20.54715729,0.53947556,Riesgo moderado
662,-103.3216071,20.61800476,0.70691276,Riesgo moderado
663,-103.2270819,20.6702652,0.80622065,Alto riesgo
664,-103.4292984,20.63197136,0.57137316,Riesgo moderado
665,-103.3324203,20.60724258,0.51731455,Riesgo moderado
666,-103.3980179,20.72801781,0.22462326,Sin riesgo
667,-103.3865433,20.6795311,0.404653,Poco riesgo
668,-103.3715897,20.6722641,0.07214594,Sin riesgo
669,-103.3519669,20.64229584,0.3762784,Poco riesgo
670,-103.3568573,20.67407036,0.27729583,Poco riesgo
671,-103.247139,20.60351181,0.91477054,Alto riesgo
672,-103.3474503,20.7035923,0.3534099,Poco riesgo
673,-103.3785706,20.73864365,0.21103877,Sin riesgo
675,-103.3487778,20.62825203,0.5949254,Riesgo moderado
677,-103.40599,20.646229,0.56949973,Riesgo moderado
678,-103.3009567,20.67512894,0.42104834,Poco riesgo
679,-103.322464,20.62915802,0.57137316,Riesgo moderado
681,-103.316843,20.721158,0.14681596,Sin riesgo
682,-103.3740311,20.71342659,0.2598033,Poco riesgo
683,-103.3270084,20.6528127,0.48814422,Poco riesgo
684,-103.4467697,20.64882469,0.08073956,Sin riesgo
685,-103.3585739,20.67481995,0.4217685,Poco riesgo
686,-103.4360974,20.7564634,0.6338711,Riesgo moderado
687,-103.3401718,20.68589592,0.35724765,Poco riesgo
688,-103.3021927,20.69021416,0.2656713,Poco riesgo
689,-103.3552475,20.7201767,0.09229797,Sin riesgo
690,-103.3863227,20.7313969,0.404653,Poco riesgo
692,-103.2698898,20.65761566,0.5894492,Riesgo moderado
693,-103.384019,20.672169,0.09230721,Sin riesgo
694,-103.3670654,20.66766548,0.22206217,Sin riesgo
695,-103.3468228,20.6835631,0.19537717,Sin riesgo
696,-103.3273602,20.693894,0.47770578,Poco riesgo
697,-103.353546,20.701446,0.22206217,Sin riesgo
699,-103.4232938,20.5847599,0.63130534,Riesgo moderado
701,-103.3550334,20.6203071,0.56674355,Riesgo moderado
702,-103.280127,20.503079,0.89190334,Alto riesgo
703,-103.234833,20.668778,0.48399043,Poco riesgo
704,-103.4095001,20.71277428,0.47075832,Poco riesgo
705,-103.336035,20.686163,0.31761646,Poco riesgo
706,-103.3620656,20.6840903,0.37717754,Poco riesgo
707,-103.4298224,20.7301802,0.16192526,Sin riesgo
709,-103.3722916,20.69735336,0.34882426,Poco riesgo
710,-103.3335419,20.72414017,0.8859756,Alto riesgo
711,-103.368958,20.666927,0.31761646,Poco riesgo
712,-103.438212,20.682606,0.6849017,Riesgo moderado
713,-103.2779694,20.63866425,0.5180121,Riesgo moderado
714,-103.3543091,20.67808342,0.04238522,Sin riesgo
715,-103.3575668,20.62834358,0.39093554,Poco riesgo
716,-103.2557394,20.65812,0.2302984,Sin riesgo
717,-103.3541486,20.6837892,0.31929773,Poco riesgo
718,-103.410759,20.59407043,0.49462032,Poco riesgo
719,-103.3461914,20.68358612,0.03308403,Sin riesgo
720,-103.4133148,20.73085785,0.23564243,Sin riesgo
721,-103.3491246,20.506045,0.49049532,Poco riesgo
722,-103.2944336,20.66194725,0.39093554,Poco riesgo
723,-103.3826752,20.67217064,0.5013064,Riesgo moderado
724,-103.45163,20.731115,0.57137316,Riesgo moderado
725,-103.3417664,20.65077209,0.56489134,Riesgo moderado
726,-103.3285904,20.66259384,0.46962643,Poco riesgo
727,-103.3480453,20.62679291,0.21339375,Sin riesgo
728,-103.437761,20.763021,0.45851332,Poco riesgo
729,-103.2838135,20.65144157,0.49049532,Poco riesgo
730,-103.2627106,20.59447861,0.30305374,Poco riesgo
731,-103.3593979,20.72772026,0.34294385,Poco riesgo
732,-103.3548584,20.70487022,0.31761646,Poco riesgo
733,-103.3704902,20.6753866,0.17680043,Sin riesgo
734,-103.4189562,20.6384812,0.31017524,Poco riesgo
735,-103.3687668,20.67370987,0.29690343,Poco riesgo
736,-103.3289116,20.6641349,0.41904026,Poco riesgo
737,-103.4741172,20.5352683,0.5180121,Riesgo moderado
738,-103.3089557,20.6660878,0.58964086,Riesgo moderado
739,-103.3037262,20.66198349,0.5119778,Riesgo moderado
740,-103.3443048,20.6707571,0.3567915,Poco riesgo
741,-103.357023,20.657073,0.5894492,Riesgo moderado
742,-103.4210205,20.62902832,0.47770578,Poco riesgo
743,-103.384819,20.67680931,0.46886164,Poco riesgo
744,-103.363707,20.662214,0.33780354,Poco riesgo
745,-103.2994545,20.6881273,0.3109041,Poco riesgo
746,-103.3562958,20.5503927,0.47770578,Poco riesgo
747,-103.3731552,20.6843488,0.2892545,Poco riesgo
748,-103.3735809,20.68437195,0.2892545,Poco riesgo
749,-103.4281616,20.75026321,0.5812915,Riesgo moderado
750,-103.3910751,20.73494148,0.5075159,Riesgo moderado
751,-103.4939117,20.80164719,0.46014816,Poco riesgo
752,-103.3444061,20.68296242,0.28547513,Poco riesgo
753,-103.4549234,20.4827758,0.9296508,Alto riesgo
754,-103.4346161,20.65842247,0.49462032,Poco riesgo
755,-103.376137,20.712837,0.15004557,Sin riesgo
756,-103.3669128,20.65041733,0.11287874,Sin riesgo
757,-103.2415237,20.67940521,0.49663818,Poco riesgo
758,-103.3219785,20.6288918,0.57137316,Riesgo moderado
760,-103.3750687,20.71235085,0.05950928,Sin riesgo
761,-103.3799896,20.67059135,0.248752,Sin riesgo
762,-103.362528,20.733758,0.28636026,Poco riesgo
763,-103.3443832,20.67071533,0.3029195,Poco riesgo
764,-103.4177856,20.59807205,0.49049532,Poco riesgo
765,-103.25182,20.628398,0.04476631,Sin riesgo
766,-103.360689,20.661882,0.6415199,Riesgo moderado
767,-103.319639,20.688425,0.57137316,Riesgo moderado
769,-103.3237991,20.59508705,0.7669841,Alto riesgo
770,-103.439004,20.762783,0.52246284,Riesgo moderado
771,-103.397934,20.747765,0.5180121,Riesgo moderado
772,-103.429283,20.641559,0.51731455,Riesgo moderado
773,-103.3299942,20.67407227,0.2942322,Poco riesgo
774,-103.369278,"20.652707,",0.2302984,Sin riesgo
775,-103.4202984,20.6822878,0.44973034,Poco riesgo
776,-103.3589554,20.63202477,0.47770578,Poco riesgo
777,-103.4175599,20.7267137,0.323148,Poco riesgo
778,-103.349515,20.623451,0.49049532,Poco riesgo
779,-103.3538361,20.68704987,0.29690343,Poco riesgo
780,-103.3801956,20.65716743,0.14564252,Sin riesgo
781,-103.365059,20.684886,0.34882426,Poco riesgo
782,-103.3620857,20.6841506,0.3186217,Poco riesgo
783,-103.4318695,20.59719467,0.51731455,Riesgo moderado
784,-103.3550186,20.69934464,0.31929773,Poco riesgo
785,-103.38188,20.656358,0.2987088,Poco riesgo
786,-103.4457957,20.6300425,0.3968233,Poco riesgo
787,-103.3765793,20.71332169,0.0408684,Sin riesgo
788,-103.3384399,20.6530571,0.41165638,Poco riesgo
789,-103.3053513,20.6535511,0.44973034,Poco riesgo
790,-103.3872528,20.72436142,0.25603294,Poco riesgo
791,-103.452183,20.604109,0.2252754,Sin riesgo
792,-103.3322449,20.58480263,0.08397859,Sin riesgo
793,-103.277681,20.685544,0.49049532,Poco riesgo
794,-103.470424,20.801036,0.5180121,Riesgo moderado
795,-103.4189529,20.72478676,0.4819498,Poco riesgo
796,-103.3713837,20.62340927,0.5949254,Riesgo moderado
797,-103.3563763,20.6207048,0.56674355,Riesgo moderado
798,-103.3920581,20.7429331,0.47770578,Poco riesgo
799,ÿ-103.419236,20.740602,0.34294385,Poco riesgo
800,-103.4360886,20.63075829,0.18596476,Sin riesgo
801,-103.437706,20.76301575,0.43708897,Poco riesgo
802,-103.361959,20.689775,0.28547513,Poco riesgo
803,-103.3538208,20.71927261,0.16393393,Sin riesgo
804,-103.3929534,20.6664412,0.29690343,Poco riesgo
805,-103.412771,20.635894,0.31194776,Poco riesgo
806,-103.3799744,20.64668846,0.5949254,Riesgo moderado
807,-103.368544,20.7274846,0.5894492,Riesgo moderado
808,-103.4447128,20.777462,0.41423762,Poco riesgo
809,-103.336176,20.629972,0.49462032,Poco riesgo
810,-103.3890228,20.72891808,0.31929773,Poco riesgo
812,-103.4238521,20.7299895,0.50838506,Riesgo moderado
813,-103.3423233,20.6744957,0.3029195,Poco riesgo
814,-103.2830231,20.6649786,0.39093554,Poco riesgo
815,-103.437706,20.76301575,0.43708897,Poco riesgo
816,-103.3337708,20.66372108,0.22179532,Sin riesgo
818,-103.1832984,20.5171561,0.91477054,Alto riesgo
819,-103.4560577,20.6224267,0.39093554,Poco riesgo
820,-103.364799,20.6747459,0.5169134,Riesgo moderado
821,-103.3115768,20.68178368,0.24641341,Sin riesgo
822,-103.3638992,20.62043953,0.45788687,Poco riesgo
823,-103.2508087,20.65890884,0.5894492,Riesgo moderado
825,-103.3291025,20.5508275,0.51731455,Riesgo moderado
826,-103.354962,20.6689467,0.29690343,Poco riesgo
827,-103.320103,20.710082,0.30305374,Poco riesgo
828,-103.3611221,20.66103935,0.31929773,Poco riesgo
829,-103.3526147,20.6481579,0.5949254,Riesgo moderado
830,-103.3667678,20.7344391,0.33230966,Poco riesgo
831,-103.391304,20.73988724,0.47114038,Poco riesgo
832,-103.389527,20.641103,0.47770578,Poco riesgo
833,-103.3750687,20.71235085,0.15004557,Sin riesgo
834,-103.4304301,20.5792635,0.49462032,Poco riesgo
835,-103.4530182,20.65556908,0.57137316,Riesgo moderado
836,-103.3726507,20.6536989,0.60843706,Riesgo moderado
837,-103.3695187,20.6793445,0.22130245,Sin riesgo
839,-103.3412511,20.512868,0.5180121,Riesgo moderado
841,-103.3239455,20.5951104,0.6849017,Riesgo moderado
842,-103.4474623,20.7694031,0.3968233,Poco riesgo
844,-103.2957628,20.6724963,0.57137316,Riesgo moderado
845,-103.4498344,20.6458464,0.5180121,Riesgo moderado
846,-103.4069201,20.7315336,0.56674355,Riesgo moderado
847,-103.389209,20.7450365,0.49462032,Poco riesgo
848,-103.306282,20.6743955,0.34294385,Poco riesgo
849,-103.3877258,20.7401476,0.08934331,Sin riesgo
850,-103.3400434,20.7267151,0.18596476,Sin riesgo
853,-103.3805731,20.6613115,0.25440973,Poco riesgo
855,-103.4129507,20.7310621,0.022268,Sin riesgo
858,-103.3458478,20.7218052,0.15110296,Sin riesgo
860,-103.3306516,20.7232113,0.52006197,Riesgo moderado
861,-103.3699192,20.6471083,0.47770578,Poco riesgo
862,-103.3462912,20.7141232,0.3968233,Poco riesgo
863,-103.3078989,20.663098,0.39253068,Poco riesgo
865,-103.316478,20.7044265,0.5075159,Riesgo moderado
866,-103.444512,20.6320633,0.50838506,Riesgo moderado
869,-103.4447979,20.5653321,0.47770578,Poco riesgo
870,-103.4437284,20.4714469,0.45788687,Poco riesgo
871,-103.4361618,20.6680014,0.49462032,Poco riesgo
873,-103.3214499,20.5897852,0.83492714,Alto riesgo
875,-103.3351827,20.6653528,0.24446678,Sin riesgo
876,-103.3280445,20.6532922,0.3060494,Poco riesgo
877,-103.3392026,20.6810411,0.07055193,Sin riesgo
878,-103.3201242,20.605478,0.89190334,Alto riesgo
879,-103.3804748,20.6571977,0.11287874,Sin riesgo
880,-103.3673071,20.6501173,0.11287874,Sin riesgo
882,-103.3597831,20.6370365,0.51731455,Riesgo moderado
883,-103.4484461,20.7184425,0.47770578,Poco riesgo
884,-103.3518842,20.6789762,0.18484503,Sin riesgo
885,-103.4572542,20.7130972,0.16192526,Sin riesgo
886,-103.34686,20.5292795,0.57137316,Riesgo moderado
888,-103.281023,20.6437053,0.47770578,Poco riesgo
889,-103.3360717,20.6998241,0.57137316,Riesgo moderado
891,-103.2879956,20.6626427,0.40278667,Poco riesgo
893,-103.2495731,20.5968093,0.49049532,Poco riesgo
894,-103.28321,20.703321,0.7893687,Alto riesgo
895,-103.34918,20.64356,0.518064,Riesgo moderado
896,-103.32448,20.7115976,0.49462032,Poco riesgo
897,-103.3795206,20.7284506,0.41179723,Poco riesgo
899,-103.3866828,20.6755167,0.3640011,Poco riesgo
902,-103.3453082,20.579543,0.70691276,Riesgo moderado
903,-103.4396612,20.6830828,0.6849017,Riesgo moderado
906,-103.4058586,20.6526904,0.1862123,Sin riesgo
907,"-103.260027,",20.4651438,0.89190334,Alto riesgo
909,-103.2876589,20.6792967,0.57137316,Riesgo moderado
910,-103.3460628,20.6219574,0.5484336,Riesgo moderado
911,-103.2739392,20.6752213,0.44973034,Poco riesgo
912,-103.3237091,20.650379,0.33823985,Poco riesgo
913,-103.4770752,20.778884,0.46014816,Poco riesgo
914,-103.3391437,20.7264794,0.7669841,Alto riesgo
915,-103.3703239,20.6260545,0.47770578,Poco riesgo
916,-103.3847806,20.6712574,0.31929773,Poco riesgo
917,-103.4432704,20.6486182,0.7669841,Alto riesgo
919,-103.2549942,20.6582874,0.518064,Riesgo moderado
920,-103.2421228,20.5182662,0.91477054,Alto riesgo
921,-103.32438,20.6708554,0.13497585,Sin riesgo
922,-103.4321522,20.613171,0.6839911,Riesgo moderado
923,-103.4806078,20.717157,0.89190334,Alto riesgo
924,-103.3646399,20.7337812,0.3476228,Poco riesgo
925,-103.430888,20.608322,0.60843706,Riesgo moderado
926,-103.3191629,20.7209346,0.52006197,Riesgo moderado
927,-103.2343342,20.6688833,0.8082502,Alto riesgo
928,-103.3065757,20.6258844,0.538218,Riesgo moderado
929,-103.4529431,20.6558201,0.5484336,Riesgo moderado
930,,,0.7857254,Alto riesgo
